,brand-model,1st sm,1st share,2nd sm,2nd share,3rd sm,3rd share,4th sm,4th share,5th sm,5th share,image_url
0,1号宝贝-OUYOU0011,小容量,26.38%,手持,25.24%,婴儿辅食,21.71%,智能,14.87%,全自动,11.81%,http://img.alicdn.com/imgextra/i2/3480261630/TB2hsDSjdnJ8KJjSszdXXaxuFXa_!!3480261630.jpg
1,aca/北美电器-55522,婴儿辅食,23.06%,智能,21.27%,小容量,20.9%,手持,20.39%,全自动,14.37%,http://img.alicdn.com/imgextra/i4/2146937119/TB1ph41sbSYBuNjSspfXXcZCpXa_!!0-item_pic.jpg
2,aca/北美电器-AF-OR01,智能,30.53%,婴儿辅食,21.81%,手持,21.34%,小容量,19.24%,全自动,7.08%,http://img.alicdn.com/imgextra/i1/702016902/TB1oZSGuf1TBuNjy0FjXXajyXXa_!!0-item_pic.jpg
3,aca/北美电器-AHM-S300,智能,24.47%,婴儿辅食,22.81%,手持,19.96%,小容量,19.93%,全自动,12.83%,http://img.alicdn.com/imgextra/i3/1720491245/TB2QoqoppOWBuNjy0FiXXXFxVXa_!!1720491245-0-item_pic.jpg
4,amoi/夏新-TL-GB990,智能,30.81%,婴儿辅食,22.01%,手持,19.2%,小容量,18.18%,全自动,9.81%,http://img.alicdn.com/imgextra/i2/2447836580/TB2j6ULnStYBeNjSspkXXbU8VXa_!!2447836580-0-item_pic.jpg
5,ashton/阿诗顿-BL-175,智能,47.09%,婴儿辅食,25.37%,小容量,13.52%,手持,12.2%,全自动,1.82%,http://img.alicdn.com/imgextra/i3/3071601281/TB2DqAomZjI8KJjSsppXXXbyVXa_!!3071601281.jpg
6,aunt mary/玛莉阿姨-HL-1888,智能,37.13%,婴儿辅食,21.75%,手持,17.59%,小容量,16.79%,全自动,6.74%,http://img.alicdn.com/imgextra/i2/2938915279/TB2WcJ.ouuSBuNjy1XcXXcYjFXa_!!2938915279.jpg
7,aunt mary/玛莉阿姨-HL-1898,智能,37.59%,婴儿辅食,21.77%,手持,17.53%,小容量,16.66%,全自动,6.46%,http://img.alicdn.com/imgextra/i2/2938915279/TB26mnlcr1YBuNjSszhXXcUsFXa_!!2938915279.jpg
8,aux/奥克斯-HX-390,智能,34.15%,婴儿辅食,21.43%,手持,20.6%,小容量,18.84%,全自动,4.99%,http://img.alicdn.com/imgextra/i2/2047124908/TB2iIGZf26H8KJjSspmXXb2WXXa_!!2047124908.jpg
9,aux/奥克斯-HX-401G,婴儿辅食,24.45%,小容量,20.68%,智能,20.44%,手持,19.76%,全自动,14.67%,http://img.alicdn.com/imgextra/i3/1046626823/TB1ywaGcpuWBuNjSszbXXcS7FXa_!!0-item_pic.jpg
10,aux/奥克斯-HX-FS01,智能,25.28%,婴儿辅食,22.66%,手持,19.84%,小容量,19.63%,全自动,12.58%,http://img.alicdn.com/imgextra/i3/732062877/TB2uNO6sYSYBuNjSspfXXcZCpXa_!!732062877-0-item_pic.jpg
11,bamix-G200 350,智能,29.02%,婴儿辅食,22.68%,手持,19.04%,小容量,18.6%,全自动,10.65%,http://img.alicdn.com/imgextra/i2/274764304/TB2P39cmS8mpuFjSZFMXXaxpVXa_!!274764304.jpg
12,bamix-G200 G350,智能,27.13%,婴儿辅食,22.22%,手持,19.55%,小容量,17.85%,全自动,13.24%,http://img.alicdn.com/imgextra/i2/876965799/TB2wUQhsY1YBuNjSszhXXcUsFXa_!!876965799.jpg
13,bamix-M200,智能,37.12%,婴儿辅食,23.49%,小容量,16.22%,手持,14.77%,全自动,8.39%,http://img.alicdn.com/imgextra/i2/210710879/TB27bs3XcIa61Bjy0FiXXc1XpXa_!!210710879.jpg
14,bamix-UNOLD ESGE,智能,23.65%,婴儿辅食,22.63%,手持,20.29%,小容量,20.1%,全自动,13.34%,http://img.alicdn.com/imgextra/i1/2829060891/TB2A.0UaYSYBuNjSspiXXXNzpXa_!!2829060891.jpg
15,barsone/朋森-BS-05L01,智能,38.25%,婴儿辅食,20.91%,手持,19.53%,小容量,18.04%,全自动,3.26%,http://img.alicdn.com/imgextra/i4/2139274692/TB24qZulLuSBuNkHFqDXXXfhVXa_!!2139274692.jpg
16,bear/小熊-JBQ-A05D2,婴儿辅食,24.49%,手持,23.52%,小容量,23.25%,全自动,16.99%,智能,11.75%,http://img.alicdn.com/imgextra/i1/2212201876/TB2apYmmL9TBuNjy1zbXXXpepXa_!!2212201876-0-item_pic.jpg
17,bear/小熊-JBQ-D05A1,智能,32.64%,婴儿辅食,23.29%,小容量,18.39%,手持,17.75%,全自动,7.93%,http://img.alicdn.com/imgextra/i2/175592270/TB2X9y7huuSBuNjy1XcXXcYjFXa_!!175592270-0-item_pic.jpg
18,bear/小熊-JBQ-D05D2,小容量,28.39%,手持,25.57%,婴儿辅食,23.51%,全自动,21.56%,智能,0.97%,http://img.alicdn.com/imgextra/i3/740969168/TB2FkhGmNBmpuFjSZFsXXcXpFXa_!!740969168.jpg
19,bear/小熊-JBQ-D131,智能,26.71%,婴儿辅食,22.9%,手持,19.75%,小容量,18.95%,全自动,11.68%,http://img.alicdn.com/imgextra/i4/335437311/TB2G2k8nFXXXXXzXpXXXXXXXXXX_!!335437311.jpg
20,bear/小熊-JBQ-D1355,小容量,26.36%,全自动,25.44%,手持,24.36%,婴儿辅食,23.42%,智能,0.43%,http://img.alicdn.com/imgextra/i4/2223303486/TB2rCNYs29TBuNjy1zbXXXpepXa_!!2223303486-0-item_pic.jpg
21,bear/小熊-LB-P919,智能,51.48%,手持,16.62%,婴儿辅食,16.0%,小容量,10.84%,全自动,5.05%,http://img.alicdn.com/imgextra/i3/263561086/TB2fgWLpGSWBuNjSsrbXXa0mVXa_!!263561086.jpg
22,bear/小熊-LB-P928,智能,34.53%,婴儿辅食,21.64%,手持,18.01%,小容量,17.07%,全自动,8.74%,http://img.alicdn.com/imgextra/i3/2020509878/TB2KWOzzbxmpuFjSZJiXXXauVXa_!!2020509878.jpg
23,bear/小熊-LLJ-A05H1,智能,24.79%,婴儿辅食,22.74%,手持,20.35%,小容量,19.28%,全自动,12.84%,http://img.alicdn.com/imgextra/i4/2248962756/TB1oNinjQOWBuNjSsppXXXPgpXa_!!0-item_pic.jpg
24,bear/小熊-LLJ-A12A1,智能,48.61%,全自动,28.55%,手持,11.18%,婴儿辅食,7.3%,小容量,4.35%,http://img.alicdn.com/imgextra/i3/695320823/TB2VjsZmQCWBuNjy0FaXXXUlXXa_!!695320823.jpg
25,bear/小熊-LLJ-A12G1,智能,30.56%,婴儿辅食,22.42%,手持,19.2%,小容量,17.9%,全自动,9.92%,http://img.alicdn.com/imgextra/i1/2454077880/TB2RXM_s_lYBeNjSszcXXbwhFXa_!!2454077880-0-item_pic.jpg
26,bear/小熊-LLJ-A12Q3,智能,37.94%,手持,21.7%,小容量,18.27%,婴儿辅食,17.38%,全自动,4.7%,http://img.alicdn.com/imgextra/i3/2086365720/TB1SIzCmV9gSKJjSspbXXbeNXXa_!!0-item_pic.jpg
27,bear/小熊-LLJ-A12W8,智能,32.86%,婴儿辅食,21.43%,手持,21.08%,小容量,18.72%,全自动,5.91%,http://img.alicdn.com/imgextra/i1/TB1VbEYJpXXXXXWaXXXXXXXXXXX_!!0-item_pic.jpg
28,bear/小熊-LLJ-B08D1,智能,26.51%,婴儿辅食,22.42%,手持,19.81%,小容量,19.23%,全自动,12.03%,http://img.alicdn.com/imgextra/i1/1821191022/TB1C.cznsLJ8KJjy0FnXXcFDpXa_!!0-item_pic.jpg
29,bear/小熊-LLJ-B08G2,智能,27.23%,婴儿辅食,20.98%,小容量,18.97%,手持,18.9%,全自动,13.92%,http://img.alicdn.com/imgextra/i2/2212201876/TB2MWhBor1YBuNjSszeXXablFXa_!!2212201876-0-item_pic.jpg
30,bear/小熊-LLJ-B08J5,智能,33.18%,手持,23.91%,婴儿辅食,20.03%,小容量,18.56%,全自动,4.33%,http://img.alicdn.com/imgextra/i2/TB1.GxxJXXXXXbfXpXXXXXXXXXX_!!0-item_pic.jpg
31,bear/小熊-LLJ-B12A1,智能,34.9%,婴儿辅食,21.22%,手持,19.64%,小容量,16.07%,全自动,8.17%,http://img.alicdn.com/imgextra/i3/175592270/TB29yvbb5MnBKNjSZFzXXc_qVXa_!!175592270-0-item_pic.jpg
32,bear/小熊-LLJ-B12K1,智能,42.81%,全自动,19.4%,手持,16.14%,小容量,12.19%,婴儿辅食,9.47%,http://img.alicdn.com/imgextra/i3/175592270/TB2Gtg.hDtYBeNjy1XdXXXXyVXa_!!175592270-0-item_pic.jpg
33,bear/小熊-QSJ-A01F2,小容量,34.85%,手持,23.37%,全自动,17.16%,婴儿辅食,13.3%,智能,11.32%,http://img.alicdn.com/imgextra/i2/2223303486/TB1pAOlgBjTBKNjSZFuXXb0HFXa_!!0-item_pic.jpg
34,bear/小熊-QSJ-B02S1,智能,26.5%,婴儿辅食,21.13%,手持,19.95%,小容量,18.78%,全自动,13.65%,http://img.alicdn.com/imgextra/i3/2704407242/TB2d3XZuh9YBuNjy0FfXXXIsVXa_!!2704407242.jpg
35,bear/小熊-QSJ-B02U2,小容量,25.44%,手持,23.63%,婴儿辅食,22.07%,智能,15.88%,全自动,12.99%,http://img.alicdn.com/imgextra/i2/2492836366/TB24gw7fIyYBuNkSnfoXXcWgVXa_!!2492836366.jpg
36,bear/小熊-QSJ-B02X5,小容量,25.6%,手持,23.4%,婴儿辅食,22.11%,智能,14.51%,全自动,14.39%,http://img.alicdn.com/imgextra/i3/2175769676/TB2PT04pxSYBuNjSsphXXbGvVXa_!!2175769676.jpg
37,bear/小熊-QSJ-B03D1,智能,23.36%,婴儿辅食,22.72%,手持,20.56%,小容量,20.01%,全自动,13.36%,http://img.alicdn.com/imgextra/i3/TB1y0aULVXXXXXqXFXXXXXXXXXX_!!0-item_pic.jpg
38,bear/小熊-QSJ-B03R2,智能,23.18%,婴儿辅食,23.06%,手持,20.56%,小容量,19.74%,全自动,13.46%,http://img.alicdn.com/imgextra/i3/175592270/TB2nM0auDtYBeNjy1XdXXXXyVXa_!!175592270-0-item_pic.jpg
39,binglo-HS-302H,智能,29.51%,婴儿辅食,22.18%,手持,19.41%,小容量,18.41%,全自动,10.49%,http://img.alicdn.com/imgextra/i1/112099094/TB2pvEFphSYBuNjSspjXXX73VXa_!!112099094.jpg
40,blendtec-DESIGNER 625,婴儿辅食,22.75%,智能,22.54%,手持,20.62%,小容量,20.21%,全自动,13.88%,http://img.alicdn.com/imgextra/i1/485552487/TB2xrlqub5YBuNjSspoXXbeNFXa_!!485552487.jpg
41,bosch/博世-54A00,智能,32.34%,婴儿辅食,22.22%,手持,18.6%,小容量,17.71%,全自动,9.14%,http://img.alicdn.com/imgextra/i3/48333793/TB2vLVIcFXXXXaEXpXXXXXXXXXX-48333793.jpg
42,bosch/博世-MFZ4050,婴儿辅食,23.45%,手持,21.54%,小容量,21.2%,智能,17.89%,全自动,15.92%,http://img.alicdn.com/imgextra/i4/666900686/TB2XXwtoFXXXXXGXFXXXXXXXXXX_!!666900686.jpg
43,bosch/博世-MSM2410,智能,30.36%,婴儿辅食,22.56%,手持,19.02%,小容量,18.1%,全自动,9.97%,http://img.alicdn.com/imgextra/i3/2829060891/TB2bExydScqBKNjSZFgXXX_kXXa_!!2829060891.jpg
44,bosch/博世-MSM66020,婴儿辅食,23.04%,智能,21.51%,手持,20.9%,小容量,20.17%,全自动,14.38%,http://img.alicdn.com/imgextra/i3/2829060891/TB2pxmdj8HH8KJjy0FbXXcqlpXa_!!2829060891.jpg
45,bosch/博世-MSME6110CN,智能,25.48%,婴儿辅食,22.92%,手持,19.85%,小容量,19.26%,全自动,12.49%,http://img.alicdn.com/imgextra/i1/1990484446/TB2shtagYZnBKNjSZFGXXbt3FXa_!!1990484446.jpg
46,bosch/博世-MSME7414CN,婴儿辅食,21.89%,小容量,21.32%,智能,20.84%,手持,19.86%,全自动,16.1%,http://img.alicdn.com/imgextra/i4/TB1OePCRpXXXXXBaVXXXXXXXXXX_!!0-item_pic.jpg
47,bosch/博世-MSMM8910CN,智能,26.19%,婴儿辅食,22.85%,手持,19.56%,小容量,19.26%,全自动,12.15%,http://img.alicdn.com/imgextra/i2/1990484446/TB2afKrtY5YBuNjSspoXXbeNFXa_!!1990484446.jpg
48,braun/博朗-4179,婴儿辅食,23.26%,手持,20.98%,智能,20.59%,小容量,20.49%,全自动,14.68%,http://img.alicdn.com/imgextra/i2/1911588863/TB1F6zCcxrI8KJjy0FpXXb5hVXa_!!0-item_pic.jpg
49,braun/博朗-FP3010,智能,28.12%,婴儿辅食,22.5%,手持,19.28%,小容量,19.01%,全自动,11.09%,http://img.alicdn.com/imgextra/i1/290437336/TB2lf9dbnwKL1JjSZFgXXb6aVXa_!!290437336.jpg
50,braun/博朗-JB7192,智能,30.24%,婴儿辅食,22.37%,手持,19.22%,小容量,18.04%,全自动,10.13%,http://img.alicdn.com/imgextra/i3/290437336/TB2Aii5X.z.BuNjt_bXXXcQmpXa_!!290437336.jpg
51,braun/博朗-JM3013,智能,31.25%,婴儿辅食,22.46%,手持,18.81%,小容量,17.83%,全自动,9.65%,http://img.alicdn.com/imgextra/i3/1916444706/TB2W4TOgTlYBeNjSszcXXbwhFXa_!!1916444706.jpg
52,braun/博朗-MQ300,智能,26.78%,婴儿辅食,23.05%,手持,19.66%,小容量,19.02%,全自动,11.5%,http://img.alicdn.com/imgextra/i3/1911588863/TB2KhXKgvImBKNjSZFlXXc43FXa_!!1911588863.jpg
53,braun/博朗-MQ3000,智能,27.31%,婴儿辅食,22.74%,手持,19.67%,小容量,18.83%,全自动,11.45%,http://img.alicdn.com/imgextra/i1/1911588863/TB2wLverN1YBuNjy1zcXXbNcXXa_!!1911588863.jpg
54,braun/博朗-MQ3025,智能,31.79%,婴儿辅食,22.58%,手持,18.69%,小容量,17.74%,全自动,9.2%,http://img.alicdn.com/imgextra/i3/1911588863/TB2jQsLs7SWBuNjSszdXXbeSpXa_!!1911588863.jpg
55,braun/博朗-MQ325,智能,24.2%,婴儿辅食,23.24%,手持,20.11%,小容量,19.63%,全自动,12.81%,http://img.alicdn.com/imgextra/i1/485552487/TB2K_OYpSBYBeNjy0FeXXbnmFXa_!!485552487.jpg
56,braun/博朗-MQ500,智能,33.84%,婴儿辅食,22.15%,手持,18.51%,小容量,17.08%,全自动,8.41%,http://img.alicdn.com/imgextra/i3/22502798/TB2blRnmXXXXXXmXXXXXXXXXXXX_!!22502798.jpg
57,braun/博朗-MQ5025,智能,32.39%,婴儿辅食,22.49%,手持,18.51%,小容量,17.65%,全自动,8.96%,http://img.alicdn.com/imgextra/i1/1911588863/TB2dg5Igv6TBKNjSZJiXXbKVFXa_!!1911588863.jpg
58,braun/博朗-MQ5035,智能,29.14%,婴儿辅食,22.58%,手持,19.09%,小容量,18.44%,全自动,10.76%,http://img.alicdn.com/imgextra/i4/1911588863/TB2eSMlgKEJL1JjSZFGXXa6OXXa_!!1911588863.jpg
59,braun/博朗-MQ505,智能,24.59%,婴儿辅食,23.24%,手持,20.08%,小容量,19.58%,全自动,12.5%,http://img.alicdn.com/imgextra/i4/2896320679/TB14sAcueGSBuNjSspbXXciipXa_!!0-item_pic.jpg
60,braun/博朗-MQ525,智能,30.21%,婴儿辅食,22.64%,手持,19.04%,小容量,17.97%,全自动,10.14%,http://img.alicdn.com/imgextra/i3/485552487/TB2yUqapQSWBuNjSszdXXbeSpXa_!!485552487.jpg
61,braun/博朗-MQ530,智能,26.56%,婴儿辅食,22.81%,手持,19.66%,小容量,19.05%,全自动,11.92%,http://img.alicdn.com/imgextra/i1/1626645831/TB22syhaGagSKJjy0FcXXcZeVXa_!!1626645831.jpg
62,braun/博朗-MQ545,智能,29.72%,婴儿辅食,22.77%,手持,19.17%,小容量,18.23%,全自动,10.1%,http://img.alicdn.com/imgextra/i4/2591395636/TB223Q6t9tYBeNjSspkXXbU8VXa_!!2591395636.jpg
63,braun/博朗-MQ700,智能,35.9%,婴儿辅食,21.72%,手持,17.88%,小容量,17.12%,全自动,7.38%,http://img.alicdn.com/imgextra/i2/22502798/TB2uDj2nVXXXXbWXpXXXXXXXXXX_!!22502798.jpg
64,braun/博朗-MQ700料理机配件,婴儿辅食,23.03%,智能,22.84%,手持,20.53%,小容量,20.01%,全自动,13.59%,http://img.alicdn.com/imgextra/i2/485552487/TB2fTYWowxlpuFjSszbXXcSVpXa_!!485552487.jpg
65,braun/博朗-MQ705,智能,23.27%,婴儿辅食,23.18%,手持,20.25%,小容量,19.95%,全自动,13.36%,http://img.alicdn.com/imgextra/i2/485552487/TB2.v8ApQ9WBuNjSspeXXaz5VXa_!!485552487.jpg
66,braun/博朗-MQ745/MQ785,智能,31.08%,婴儿辅食,22.3%,手持,18.58%,小容量,18.26%,全自动,9.79%,http://img.alicdn.com/imgextra/i3/2549841410/TB1sJjxa29TBuNjy1zbXXXpepXa_!!0-item_pic.jpg
67,braun/博朗-MQ785,智能,28.54%,婴儿辅食,22.67%,手持,19.15%,小容量,18.58%,全自动,11.07%,http://img.alicdn.com/imgextra/i4/2829060891/TB2keh8aPmfF1JjSspcXXXZMXXa_!!2829060891.jpg
68,braun/博朗-MQ787,智能,27.81%,婴儿辅食,22.75%,手持,19.24%,小容量,18.92%,全自动,11.27%,http://img.alicdn.com/imgextra/i3/2591395636/TB2MT7JreuSBuNjy1XcXXcYjFXa_!!2591395636.jpg
69,braun/博朗-MQ9087X,智能,32.42%,婴儿辅食,22.31%,手持,18.35%,小容量,17.73%,全自动,9.2%,http://img.alicdn.com/imgextra/i1/1911588863/TB2vQACeOMnBKNjSZFoXXbOSFXa_!!1911588863.jpg
70,clara-MST-PBJ-V30,智能,28.29%,婴儿辅食,22.39%,手持,19.75%,小容量,18.58%,全自动,10.99%,http://img.alicdn.com/imgextra/i4/2506010982/TB2v.2Pe3aTBuNjSszfXXXgfpXa_!!2506010982.jpg
71,clara-XD-K20E,智能,35.26%,婴儿辅食,21.79%,手持,18.1%,小容量,17.24%,全自动,7.62%,http://img.alicdn.com/imgextra/i2/2506010982/TB2mPHjjDTI8KJjSsphXXcFppXa_!!2506010982.jpg
72,climax/客来美-HA-3093,智能,25.93%,婴儿辅食,22.91%,手持,19.62%,小容量,19.43%,全自动,12.11%,http://img.alicdn.com/imgextra/i4/923508751/TB1.n5Vlj3z9KJjy0FmXXXiwXXa_!!0-item_pic.jpg
73,dark horse/黑马-KM-699,智能,37.01%,婴儿辅食,23.0%,小容量,16.58%,手持,16.48%,全自动,6.93%,http://img.alicdn.com/imgextra/i4/2257369559/TB2qNpfasUrBKNjSZPxXXX00pXa_!!2257369559.jpg
74,deass/德氏-FE318F1,智能,34.24%,婴儿辅食,21.89%,手持,18.26%,小容量,17.48%,全自动,8.13%,http://img.alicdn.com/imgextra/i4/541014343/TB2yLZOd1uSBuNjSsziXXbq8pXa_!!541014343.jpg
75,electrolux/伊莱克斯-EMB3005,智能,30.48%,婴儿辅食,22.3%,手持,18.91%,小容量,17.4%,全自动,10.91%,http://img.alicdn.com/imgextra/i4/1718453972/TB2M3fRtkSWBuNjSszdXXbeSpXa_!!1718453972-0-item_pic.jpg
76,fagor/法格-BV-373B,手持,25.25%,小容量,24.37%,婴儿辅食,23.59%,智能,14.29%,全自动,12.5%,http://img.alicdn.com/imgextra/i3/3392507673/TB2x4eKs29TBuNjy1zbXXXpepXa_!!3392507673.jpg
77,fagor/法格-BV-375KNA,智能,32.39%,婴儿辅食,22.01%,手持,18.5%,小容量,17.88%,全自动,9.23%,http://img.alicdn.com/imgextra/i4/3392507673/TB2DQNGs9BYBeNjy0FeXXbnmFXa_!!3392507673.jpg
78,fornonr/方奈优品-FN-800,全自动,40.91%,婴儿辅食,25.78%,小容量,17.01%,手持,9.91%,智能,6.39%,http://img.alicdn.com/imgextra/i3/62150572/TB24pgseRnTBKNjSZPfXXbf1XXa_!!62150572.jpg
79,fronton/弗朗顿-JB-1525AG,智能,33.7%,婴儿辅食,21.94%,手持,18.14%,小容量,17.64%,全自动,8.58%,http://img.alicdn.com/imgextra/i3/3707995535/TB2HZr1cRjTBKNjSZFwXXcG4XXa_!!3707995535.jpg
80,fronton/弗朗顿-MNS-PB106,智能,28.16%,婴儿辅食,22.5%,手持,19.26%,小容量,18.88%,全自动,11.19%,http://img.alicdn.com/imgextra/i1/3707995535/TB2R6WInf9TBuNjy0FcXXbeiFXa_!!3707995535.jpg
81,fulaier/福莱尔-FLE-219C,智能,49.31%,婴儿辅食,21.65%,手持,13.99%,小容量,12.07%,全自动,2.98%,http://img.alicdn.com/imgextra/i4/2234061048/TB2r2axk2uSBuNkHFqDXXXfhVXa_!!2234061048-0-item_pic.jpg
82,fulaier/福莱尔-FLE-219F,智能,33.06%,婴儿辅食,21.95%,手持,18.52%,小容量,17.77%,全自动,8.7%,http://img.alicdn.com/imgextra/i1/2234061048/TB2wVL9gDqWBKNjSZFAXXanSpXa_!!2234061048.jpg
83,fulaier/福莱尔-FLE518A,智能,40.3%,全自动,25.82%,小容量,17.15%,手持,9.02%,婴儿辅食,7.7%,http://img.alicdn.com/imgextra/i3/2234061048/TB1HY6Ccx6I8KJjy0FgXXXXzVXa_!!0-item_pic.jpg
84,fxunshi/华迅仕-MD-8500A,智能,27.92%,婴儿辅食,22.43%,手持,19.17%,小容量,19.17%,全自动,11.32%,http://img.alicdn.com/imgextra/i1/570229670/TB2kboIcpuWBuNjSspnXXX1NVXa_!!570229670.jpg
85,gemside/捷赛-JSP01,智能,36.49%,婴儿辅食,20.98%,手持,20.09%,小容量,18.34%,全自动,4.1%,http://img.alicdn.com/imgextra/i3/675256716/TB22DVCtDJYBeNjy1zeXXahzVXa_!!675256716-0-item_pic.jpg
86,german pool/德国宝-PRO-10,智能,36.11%,婴儿辅食,21.24%,手持,18.02%,小容量,16.67%,全自动,7.97%,http://img.alicdn.com/imgextra/i1/2108203872/TB1xWaHpr5YBuNjSspoXXbeNFXa_!!0-item_pic.jpg
87,haier/海尔-HBB-B0105,智能,28.73%,婴儿辅食,22.67%,手持,19.26%,小容量,18.37%,全自动,10.97%,http://img.alicdn.com/imgextra/i1/1044027666/TB2V7xrsGmWBuNjy1XaXXXCbXXa_!!1044027666.jpg
88,hattiecs/海蒂诗-AJ-5123,智能,28.83%,婴儿辅食,22.56%,手持,19.6%,小容量,18.37%,全自动,10.63%,http://img.alicdn.com/imgextra/i1/137861347/TB2iPrOsuSSBuNjy0FlXXbBpVXa_!!137861347.jpg
89,hattiecs/海蒂诗-RBM-728,智能,32.68%,婴儿辅食,21.93%,手持,18.64%,小容量,17.76%,全自动,8.99%,http://img.alicdn.com/imgextra/i2/137861347/TB2yACGramWBuNjy1XaXXXCbXXa_!!137861347.jpg
90,hattiecs/海蒂诗-RBM-775,智能,33.37%,婴儿辅食,21.98%,手持,18.79%,小容量,17.5%,全自动,8.37%,http://img.alicdn.com/imgextra/i3/137861347/TB2KxdScnCWBKNjSZFtXXaC3FXa_!!137861347.jpg
91,herpusi-HC-1500,智能,26.37%,婴儿辅食,22.58%,手持,19.97%,小容量,19.36%,全自动,11.73%,http://img.alicdn.com/imgextra/i1/1889300209/TB2csREXL9TBuNjy1zbXXXpepXa_!!1889300209.jpg
92,herpusi-HC-302Q,智能,31.63%,婴儿辅食,22.38%,手持,18.84%,小容量,17.81%,全自动,9.34%,http://img.alicdn.com/imgextra/i3/1889300209/TB23giQtuuSBuNjSsplXXbe8pXa_!!1889300209.jpg
93,herpusi-HD-175A,智能,34.92%,婴儿辅食,20.77%,手持,19.45%,小容量,16.54%,全自动,8.33%,http://img.alicdn.com/imgextra/i4/47279819/TB2C5gYcxSYBuNjSsphXXbGvVXa_!!47279819.jpg
94,hgsuper-HG7701,智能,46.46%,手持,18.92%,婴儿辅食,17.21%,小容量,13.54%,全自动,3.87%,http://img.alicdn.com/imgextra/i3/694838361/TB20NsNbjnD8KJjSspbXXbbEXXa_!!694838361.jpg
95,hgsuper-HG7702,手持,30.35%,小容量,26.53%,婴儿辅食,23.47%,全自动,10.25%,智能,9.4%,http://img.alicdn.com/imgextra/i1/694838361/TB255VEafjM8KJjSZFyXXXdzVXa_!!694838361.jpg
96,home-mill/好磨家-HMJ-1001,智能,44.86%,婴儿辅食,22.07%,手持,17.43%,小容量,11.57%,全自动,4.06%,http://img.alicdn.com/imgextra/i4/2807437737/TB2SnybbXuWBuNjSszbXXcS7FXa_!!2807437737.jpg
97,hyundai/现代-089,智能,26.48%,婴儿辅食,22.54%,手持,19.76%,小容量,19.47%,全自动,11.76%,http://img.alicdn.com/imgextra/i1/3295794954/TB2IMnhtY1YBuNjSszeXXablFXa_!!3295794954.jpg
98,hyundai/现代-QC-JR089,智能,33.38%,婴儿辅食,21.98%,手持,18.44%,小容量,17.66%,全自动,8.54%,http://img.alicdn.com/imgextra/i1/3295794954/TB2JKztt1uSBuNjSsziXXbq8pXa_!!3295794954.jpg
99,jeff/杰孚-FX-A5,智能,26.28%,婴儿辅食,22.54%,手持,19.92%,小容量,19.35%,全自动,11.91%,http://img.alicdn.com/imgextra/i4/TB1fOiwLXXXXXaFXXXXXXXXXXXX_!!0-item_pic.jpg
100,jese/洁氏-JS-100G,智能,33.7%,婴儿辅食,21.73%,手持,18.54%,小容量,17.55%,全自动,8.48%,http://img.alicdn.com/imgextra/i2/3171131705/TB10nFqe0cnBKNjSZR0XXcFqFXa_!!0-item_pic.jpg
101,jese/洁氏-JS-100Y,智能,34.1%,婴儿辅食,21.76%,手持,18.38%,小容量,17.41%,全自动,8.35%,http://img.alicdn.com/imgextra/i4/3171131705/TB2lVnQoL5TBuNjSspmXXaDRVXa_!!3171131705.jpg
102,joyoung/九阳-C020E,智能,26.18%,婴儿辅食,22.72%,手持,19.63%,小容量,19.43%,全自动,12.04%,http://img.alicdn.com/imgextra/i4/353868963/TB2fUhapXXXXXbLXpXXXXXXXXXX_!!353868963.jpg
103,joyoung/九阳-C91T,智能,31.14%,婴儿辅食,22.49%,手持,19.22%,小容量,17.88%,全自动,9.28%,http://img.alicdn.com/imgextra/i1/21615210/TB2CgG6kB8kpuFjSspeXXc7IpXa_!!21615210.jpg
104,joyoung/九阳-JYB-F1,智能,26.14%,婴儿辅食,22.63%,手持,19.71%,小容量,19.44%,全自动,12.08%,http://img.alicdn.com/imgextra/i2/725643458/TB1Knq0ifuSBuNkHFqDXXXfhVXa_!!0-item_pic.jpg
105,joyoung/九阳-JYL-C010,智能,33.78%,婴儿辅食,21.91%,手持,18.78%,小容量,17.31%,全自动,8.22%,http://img.alicdn.com/imgextra/i4/415670368/TB14vqWh8yWBuNkSmFPXXXguVXa_!!0-item_pic.jpg
106,joyoung/九阳-JYL-C012,智能,34.27%,婴儿辅食,22.22%,手持,18.7%,小容量,16.95%,全自动,7.85%,http://img.alicdn.com/imgextra/i3/2121958061/TB2XSUhhOOYBuNjSsD4XXbSkFXa_!!2121958061-0-item_pic.jpg
107,joyoung/九阳-JYL-C012料理机,智能,30.24%,婴儿辅食,22.08%,手持,19.34%,小容量,18.34%,全自动,9.99%,http://img.alicdn.com/imgextra/i4/1598765249/TB2_jlmdFHM8KJjSZJiXXbx3FXa_!!1598765249.jpg
108,joyoung/九阳-JYL-C020E,智能,33.35%,婴儿辅食,22.12%,手持,18.65%,小容量,17.6%,全自动,8.29%,http://img.alicdn.com/imgextra/i3/530963095/TB2eq_yXjZnyKJjSZFxXXabIpXa_!!530963095.jpg
109,joyoung/九阳-JYL-C020E料理机,智能,30.28%,婴儿辅食,22.29%,手持,19.08%,小容量,18.48%,全自动,9.86%,http://img.alicdn.com/imgextra/i2/1598765249/TB2QXRTmTvI8KJjSspjXXcgjXXa_!!1598765249.jpg
110,joyoung/九阳-JYL-C022,智能,27.52%,婴儿辅食,22.47%,手持,19.96%,小容量,18.92%,全自动,11.12%,http://img.alicdn.com/imgextra/i4/2103628430/TB1FgFoqb5YBuNjSspoXXbeNFXa_!!2103628430-0-item_pic.jpg
111,joyoung/九阳-JYL-C022E,智能,33.61%,婴儿辅食,22.16%,手持,18.87%,小容量,17.04%,全自动,8.31%,http://img.alicdn.com/imgextra/i3/530963095/TB2eq_yXjZnyKJjSZFxXXabIpXa_!!530963095.jpg
112,joyoung/九阳-JYL-C051,智能,27.88%,婴儿辅食,22.91%,手持,19.87%,小容量,18.52%,全自动,10.82%,http://img.alicdn.com/imgextra/i4/853154147/TB2HsV8qb1YBuNjSszhXXcUsFXa_!!853154147-0-item_pic.jpg
113,joyoung/九阳-JYL-C051料理机,智能,27.46%,婴儿辅食,22.88%,手持,20.03%,小容量,18.51%,全自动,11.12%,http://img.alicdn.com/imgextra/i4/1598765249/TB2pFQjknvI8KJjSspjXXcgjXXa_!!1598765249.jpg
114,joyoung/九阳-JYL-C16D,智能,32.27%,婴儿辅食,22.34%,手持,18.74%,小容量,17.55%,全自动,9.09%,http://img.alicdn.com/imgextra/i2/866835366/TB2lu5RklfH8KJjy1XbXXbLdXXa_!!866835366.jpg
115,joyoung/九阳-JYL-C16V,智能,30.31%,婴儿辅食,22.15%,手持,19.32%,小容量,18.26%,全自动,9.95%,http://img.alicdn.com/imgextra/i4/3304209841/TB18JT2iC8YBeNkSnb4XXaevFXa_!!0-item_pic.jpg
116,joyoung/九阳-JYL-C19V,智能,30.24%,婴儿辅食,22.44%,手持,19.44%,小容量,18.0%,全自动,9.89%,http://img.alicdn.com/imgextra/i1/250512969/TB2ugjvaMsSMeJjSsphXXXuJFXa_!!250512969.jpg
117,joyoung/九阳-JYL-C50T,智能,31.91%,婴儿辅食,22.41%,手持,19.16%,小容量,17.52%,全自动,8.99%,http://img.alicdn.com/imgextra/i3/690393523/TB2p.l.qXXXXXacXFXXXXXXXXXX_!!690393523.jpg
118,joyoung/九阳-JYL-C50T料理机,智能,28.49%,婴儿辅食,22.55%,手持,19.73%,小容量,18.4%,全自动,10.82%,http://img.alicdn.com/imgextra/i2/1598765249/TB2KenTkhBmpuFjSZFDXXXD8pXa_!!1598765249.jpg
119,joyoung/九阳-JYL-C902D,婴儿辅食,23.26%,手持,21.0%,智能,20.97%,小容量,20.29%,全自动,14.47%,http://img.alicdn.com/imgextra/i3/76327508/TB2drXQfXkoBKNjSZFkXXb4tFXa_!!76327508.jpg
120,joyoung/九阳-JYL-C91T料理机,智能,30.51%,婴儿辅食,22.48%,手持,19.46%,小容量,17.88%,全自动,9.66%,http://img.alicdn.com/imgextra/i2/1598765249/TB25ZnekdbJ8KJjy1zjXXaqapXa_!!1598765249.jpg
121,joyoung/九阳-JYL-D020,智能,36.09%,婴儿辅食,21.98%,手持,18.35%,小容量,16.46%,全自动,7.11%,http://img.alicdn.com/imgextra/i1/2581285015/TB2kVNrqb5YBuNjSspoXXbeNFXa_!!2581285015.jpg
122,joyoung/九阳-JYL-D022,智能,35.84%,婴儿辅食,21.77%,手持,18.07%,小容量,16.96%,全自动,7.36%,http://img.alicdn.com/imgextra/i3/1910480193/TB2tiAMp4SYBuNjSsphXXbGvVXa_!!1910480193-0-item_pic.jpg
123,joyoung/九阳-JYL-F901,智能,29.89%,婴儿辅食,22.69%,手持,19.03%,小容量,18.19%,全自动,10.19%,http://img.alicdn.com/imgextra/i1/415670368/TB1bSvoh4uTBuNkHFNRXXc9qpXa_!!0-item_pic.jpg
124,joyoung/九阳-JYL-G12,智能,30.25%,婴儿辅食,22.1%,手持,19.2%,小容量,18.46%,全自动,9.99%,http://img.alicdn.com/imgextra/i4/2587351960/TB1wYPShNuTBuNkHFNRXXc9qpXa_!!0-item_pic.jpg
125,joyoung/九阳-JYL-G12E,智能,32.42%,婴儿辅食,22.02%,手持,18.85%,小容量,17.9%,全自动,8.81%,http://img.alicdn.com/imgextra/i4/TB1yfkPKFXXXXXRXpXXXXXXXXXX_!!0-item_pic.jpg
126,joyoung/九阳-JYL-Y11,智能,29.22%,婴儿辅食,22.11%,手持,19.34%,小容量,18.66%,全自动,10.67%,http://img.alicdn.com/imgextra/i3/2106720042/TB14jw4qGSWBuNjSsrbXXa0mVXa_!!0-item_pic.jpg
127,joyoung/九阳-JYL-Y12H,智能,32.0%,婴儿辅食,21.84%,手持,18.99%,小容量,17.94%,全自动,9.24%,http://img.alicdn.com/imgextra/i4/3554055162/TB2JVb3iFuWBuNjSszbXXcS7FXa_!!3554055162.jpg
128,joyoung/九阳-JYL-Y15,智能,37.89%,婴儿辅食,21.67%,手持,17.61%,小容量,16.55%,全自动,6.28%,http://img.alicdn.com/imgextra/i2/223721188/TB2d87uqKuSBuNjSsplXXbe8pXa_!!223721188.jpg
129,joyoung/九阳-JYL-Y16,智能,34.23%,婴儿辅食,21.85%,手持,18.37%,小容量,17.37%,全自动,8.17%,http://img.alicdn.com/imgextra/i1/60297997/TB2H_uVoXXXXXctXXXXXXXXXXXX_!!60297997.jpg
130,joyoung/九阳-JYL-Y20,智能,32.18%,婴儿辅食,22.07%,手持,18.64%,小容量,17.89%,全自动,9.22%,http://img.alicdn.com/imgextra/i3/223721188/TB2xHrgdL9TBuNjy1zbXXXpepXa_!!223721188.jpg
131,joyoung/九阳-JYL-Y29,智能,34.93%,婴儿辅食,21.85%,手持,17.93%,小容量,17.35%,全自动,7.94%,http://img.alicdn.com/imgextra/i2/3403390499/TB2R6ehmBDH8KJjy1zeXXXjepXa_!!3403390499.jpg
132,joyoung/九阳-JYL-Y3,智能,30.38%,婴儿辅食,22.15%,手持,19.01%,小容量,18.34%,全自动,10.12%,http://img.alicdn.com/imgextra/i4/3304209841/TB1ZBe6frZnBKNjSZFGXXbt3FXa_!!0-item_pic.jpg
133,joyoung/九阳-JYL-Y6,智能,26.39%,婴儿辅食,22.5%,手持,19.8%,小容量,19.32%,全自动,11.99%,http://img.alicdn.com/imgextra/i1/725643458/TB1FrIgquuSBuNjSsziXXbq8pXa_!!0-item_pic.jpg
134,joyoung/九阳-JYL-Y60,智能,34.97%,婴儿辅食,21.68%,手持,18.48%,小容量,17.06%,全自动,7.81%,http://img.alicdn.com/imgextra/i2/60297997/TB29b11dbGYBuNjy0FoXXciBFXa_!!60297997.jpg
135,joyoung/九阳-JYL-Y8 PLUS,智能,30.14%,婴儿辅食,22.0%,手持,19.34%,小容量,18.33%,全自动,10.19%,http://img.alicdn.com/imgextra/i4/3304209841/TB1kVhUfBnTBKNjSZPfXXbf1XXa_!!0-item_pic.jpg
136,joyoung/九阳-JYL-Y910,智能,31.16%,婴儿辅食,22.09%,手持,18.75%,小容量,18.22%,全自动,9.78%,http://img.alicdn.com/imgextra/i4/2986307776/TB1migVeJknBKNjSZKPXXX6OFXa_!!0-item_pic.jpg
137,joyoung/九阳-JYL-Y912,婴儿辅食,22.95%,智能,21.1%,手持,20.75%,小容量,20.66%,全自动,14.54%,http://img.alicdn.com/imgextra/i3/530963095/TB2bhmYg84lpuFjy1zjXXcAKpXa_!!530963095.jpg
138,joyoung/九阳-JYL-Y917,智能,30.6%,婴儿辅食,22.16%,手持,18.92%,小容量,18.29%,全自动,10.03%,http://img.alicdn.com/imgextra/i2/353868963/TB1yywvPpXXXXcJXpXXXXXXXXXX_!!0-item_pic.jpg
139,joyoung/九阳-JYL-Y92,智能,33.35%,婴儿辅食,21.81%,手持,18.59%,小容量,17.58%,全自动,8.67%,http://img.alicdn.com/imgextra/i1/76327508/TB2PYQShTdYBeNkSmLyXXXfnVXa_!!76327508.jpg
140,joyoung/九阳-JYL-Y99,智能,24.9%,婴儿辅食,22.5%,手持,20.12%,小容量,19.8%,全自动,12.67%,http://img.alicdn.com/imgextra/i4/364389183/TB2FaJvcv6H8KJjy0FjXXaXepXa_!!364389183.jpg
141,joyoung/九阳-JYS-A800,智能,23.84%,婴儿辅食,23.07%,手持,20.13%,小容量,19.79%,全自动,13.17%,http://img.alicdn.com/imgextra/i3/21615210/TB2q8WtrY0kpuFjy0FjXXcBbVXa_!!21615210.jpg
142,joyoung/九阳-JYS-A950,智能,27.73%,婴儿辅食,22.75%,手持,19.61%,小容量,18.71%,全自动,11.2%,http://img.alicdn.com/imgextra/i1/415670368/TB1pjz7qbGYBuNjy0FoXXciBFXa_!!0-item_pic.jpg
143,joyoung/九阳-JYZ-Y20,智能,34.71%,婴儿辅食,21.82%,手持,18.17%,小容量,17.37%,全自动,7.92%,http://img.alicdn.com/imgextra/i1/60297997/TB2CWcToMvD8KJjy0FlXXagBFXa_!!60297997.jpg
144,joyoung/九阳-L3-C1,智能,24.44%,婴儿辅食,22.96%,手持,20.35%,小容量,19.38%,全自动,12.88%,http://img.alicdn.com/imgextra/i1/76327508/TB28KA6p3mTBuNjy1XbXXaMrVXa_!!76327508.jpg
145,joyoung/九阳-Y92,智能,34.12%,婴儿辅食,21.77%,手持,18.46%,小容量,17.38%,全自动,8.27%,http://img.alicdn.com/imgextra/i3/364389183/TB2R1fbaxSYBuNjSspjXXX73VXa_!!364389183.jpg
146,kambrook-搅拌机,智能,33.78%,婴儿辅食,21.93%,手持,18.38%,小容量,17.5%,全自动,8.41%,http://img.alicdn.com/imgextra/i3/32943077/TB2XML.eJHO8KJjSZFtXXchfXXa_!!32943077.jpg
147,keabo/凯博-KB-1525AWN,全自动,30.15%,小容量,23.83%,手持,21.62%,婴儿辅食,19.73%,智能,4.67%,http://img.alicdn.com/imgextra/i3/69719019/TB2I556spmWBuNjSspdXXbugXXa_!!69719019.jpg
148,kenwood/建伍-CH580,智能,25.46%,婴儿辅食,22.77%,手持,20.13%,小容量,19.29%,全自动,12.35%,http://img.alicdn.com/imgextra/i2/183888772/TB2FQbZXhr9F1JjSZPfXXawbFXa_!!183888772.jpg
149,kenwood/建伍-HDP306WH,智能,26.49%,婴儿辅食,22.51%,小容量,19.49%,手持,19.38%,全自动,12.14%,http://img.alicdn.com/imgextra/i3/2980059761/TB2dPgXt1uSBuNjSsplXXbe8pXa_!!2980059761-0-item_pic.jpg
150,kenwood/建伍-HDP404WH,智能,26.09%,婴儿辅食,22.86%,手持,19.73%,小容量,19.11%,全自动,12.2%,http://img.alicdn.com/imgextra/i4/1120240545/TB2iFr9tXuWBuNjSspnXXX1NVXa_!!1120240545-0-item_pic.jpg
151,kenwood/建伍-KM336,智能,26.19%,婴儿辅食,22.34%,手持,20.53%,小容量,19.4%,全自动,11.54%,http://img.alicdn.com/imgextra/i1/2980059761/TB2P5XOux9YBuNjy0FfXXXIsVXa_!!2980059761-0-item_pic.jpg
152,kenwood/建伍-SMP060,智能,26.29%,婴儿辅食,22.67%,手持,20.09%,小容量,18.92%,全自动,12.03%,http://img.alicdn.com/imgextra/i3/1120240545/TB2_coXtf5TBuNjSspmXXaDRVXa_!!1120240545-0-item_pic.jpg
153,kesun/科顺-BL-806A,智能,31.25%,婴儿辅食,22.06%,手持,19.14%,小容量,18.01%,全自动,9.53%,http://img.alicdn.com/imgextra/i2/2945041611/TB2vhRNuXXXXXcSXXXXXXXXXXXX_!!2945041611.jpg
154,kingpro-J-1205,智能,29.8%,婴儿辅食,21.97%,手持,19.38%,小容量,18.49%,全自动,10.36%,http://img.alicdn.com/imgextra/i3/2001306208/TB1ccD1t49YBuNjy0FfXXXIsVXa_!!0-item_pic.jpg
155,kitchenaid-5KHB2569C,智能,29.52%,婴儿辅食,22.11%,手持,19.12%,小容量,18.81%,全自动,10.44%,http://img.alicdn.com/imgextra/i3/2720042221/TB2GTA.dSCI.eBjy1XbXXbUBFXa_!!2720042221.jpg
156,kitchenaid-5QT 原装盆,智能,26.63%,婴儿辅食,22.9%,手持,19.6%,小容量,18.96%,全自动,11.91%,http://img.alicdn.com/imgextra/i3/876965799/TB2iZg.gZuYBuNkSmRyXXcA3pXa_!!876965799.jpg
157,kitchenaid-料理机,智能,24.66%,婴儿辅食,22.53%,手持,20.33%,小容量,19.73%,全自动,12.75%,http://img.alicdn.com/imgextra/i3/876965799/TB2pDfFsY5YBuNjSspoXXbeNFXa_!!876965799.jpg
158,krobell/康贝尔-2166,智能,47.25%,手持,19.51%,小容量,14.87%,婴儿辅食,12.82%,全自动,5.56%,http://img.alicdn.com/imgextra/i1/TB1XHX7KVXXXXXBXVXXXXXXXXXX_!!0-item_pic.jpg
159,krobell/康贝尔-2168,智能,31.14%,婴儿辅食,22.22%,手持,18.97%,小容量,18.15%,全自动,9.53%,http://img.alicdn.com/imgextra/i4/1871236471/TB2q8gclMDD8KJjy0FdXXcjvXXa_!!1871236471.jpg
160,krobell/康贝尔-6288,智能,23.1%,婴儿辅食,22.8%,手持,20.5%,小容量,20.11%,全自动,13.49%,http://img.alicdn.com/imgextra/i4/1871236471/TB2Hse1aOb_F1JjSZFzXXc6KXXa_!!1871236471.jpg
161,krups-HP503180,智能,31.49%,婴儿辅食,21.89%,手持,18.88%,小容量,18.16%,全自动,9.58%,http://img.alicdn.com/imgextra/i3/2769969153/TB2Qr.JkRyWBuNkSmFPXXXguVXa_!!2769969153.jpg
162,krups-KB255,智能,30.44%,婴儿辅食,22.13%,手持,19.09%,小容量,18.32%,全自动,10.02%,http://img.alicdn.com/imgextra/i3/2769969153/TB2Sh1ttkCWBuNjy0FaXXXUlXXa_!!2769969153.jpg
163,krups-KB30380,智能,31.02%,婴儿辅食,22.15%,手持,19.27%,小容量,17.09%,全自动,10.47%,http://img.alicdn.com/imgextra/i3/2769969153/TB2fmT8gBsmBKNjSZFFXXcT9VXa_!!2769969153.jpg
164,krups-KB870B80,智能,34.6%,婴儿辅食,21.65%,手持,18.48%,小容量,17.13%,全自动,8.14%,http://img.alicdn.com/imgextra/i1/2923100822/TB2Wh6mjCYH8KJjSspdXXcRgVXa_!!2923100822.jpg
165,ladyship/贵夫人-LS-658,智能,32.47%,婴儿辅食,21.76%,手持,18.84%,小容量,17.8%,全自动,9.13%,http://img.alicdn.com/imgextra/i1/1832042579/TB2SmyIoXOWBuNjy0FiXXXFxVXa_!!1832042579-0-item_pic.jpg
166,liven/利仁-LL-A,智能,35.41%,婴儿辅食,22.71%,手持,17.3%,小容量,16.27%,全自动,8.31%,http://img.alicdn.com/imgextra/i1/TB1w5XiHVXXXXarXpXXXXXXXXXX_!!0-item_pic.jpg
167,liven/利仁-LLJ-W501,智能,33.77%,婴儿辅食,21.96%,手持,18.11%,小容量,17.69%,全自动,8.48%,http://img.alicdn.com/imgextra/i1/848066728/TB2Hpgrqv5TBuNjSspmXXaDRVXa_!!848066728-0-item_pic.jpg
168,long plus-60,智能,33.06%,婴儿辅食,21.94%,手持,18.59%,小容量,17.56%,全自动,8.85%,http://img.alicdn.com/imgextra/i2/2815385110/TB2Aqa3iuySBuNjy1zdXXXPxFXa_!!2815385110.jpg
169,long plus-HB-1250,智能,32.03%,婴儿辅食,22.22%,手持,18.64%,小容量,17.91%,全自动,9.2%,http://img.alicdn.com/imgextra/i4/2815385110/TB2WLYhir9YBuNjy0FgXXcxcXXa_!!2815385110.jpg
170,lotek/乐泰-HB-103SC,智能,34.63%,婴儿辅食,21.51%,手持,18.3%,小容量,16.88%,全自动,8.68%,http://img.alicdn.com/imgextra/i2/1691479555/TB25HbDcAfb_uJjSsD4XXaqiFXa_!!1691479555.jpg
171,luby/洛贝-LBL-GH01,智能,27.55%,婴儿辅食,22.44%,手持,19.34%,小容量,19.11%,全自动,11.57%,http://img.alicdn.com/imgextra/i1/409634214/TB23ZxIpwaTBuNjSszfXXXgfpXa_!!409634214.jpg
172,luby/洛贝-LBL-GH03,智能,29.07%,婴儿辅食,22.26%,手持,19.4%,小容量,18.64%,全自动,10.63%,http://img.alicdn.com/imgextra/i2/409634214/TB2UBj4gf6TBKNjSZJiXXbKVFXa_!!409634214.jpg
173,luby/洛贝-LBL-SL01,智能,26.47%,婴儿辅食,22.39%,手持,20.01%,小容量,19.23%,全自动,11.91%,http://img.alicdn.com/imgextra/i1/409634214/TB2qoQHg5CYBuNkHFCcXXcHtVXa_!!409634214.jpg
174,maizi kitchen/麦子厨房-BL772,智能,32.64%,婴儿辅食,21.9%,手持,18.6%,小容量,17.85%,全自动,9.0%,http://img.alicdn.com/imgextra/i2/70107012/TB2duXVX7fb_uJkHFCcXXXagFXa_!!70107012.jpg
175,mcdou/麦豆-FSJD2,智能,32.55%,婴儿辅食,21.77%,手持,19.18%,小容量,17.1%,全自动,9.4%,http://img.alicdn.com/imgextra/i2/2498916710/TB226Jstv5TBuNjSspmXXaDRVXa_!!2498916710.jpg
176,meichen/美星晨-010 800W 220V～ 50HZ,智能,59.45%,全自动,15.5%,小容量,13.1%,手持,8.88%,婴儿辅食,3.07%,http://img.alicdn.com/imgextra/i4/3044766828/TB2UUVzicnI8KJjSsziXXb8QpXa_!!3044766828.jpg
177,meichen/美星晨-MXC-02,智能,32.96%,婴儿辅食,21.9%,手持,18.84%,小容量,17.69%,全自动,8.61%,http://img.alicdn.com/imgextra/i3/1830244535/TB2g2NXpnlYBeNjSszcXXbwhFXa_!!1830244535.jpg
178,mekka/麦嘉-MJ2050,智能,57.06%,婴儿辅食,16.94%,手持,15.28%,小容量,6.58%,全自动,4.14%,http://img.alicdn.com/imgextra/i2/2050812404/TB2uSgutVXXXXXwXXXXXXXXXXXX_!!2050812404.jpg
179,mekka/麦嘉-MJ2240,手持,27.0%,小容量,26.59%,婴儿辅食,22.31%,全自动,19.32%,智能,4.78%,http://img.alicdn.com/imgextra/i2/2050812404/TB25h8xqFXXXXXHXXXXXXXXXXXX_!!2050812404.jpg
180,midea/美的-BL25B26,智能,31.42%,婴儿辅食,22.12%,手持,19.01%,小容量,18.01%,全自动,9.43%,http://img.alicdn.com/imgextra/i4/1117995950/TB2ww7Ad25TBuNjSspcXXbnGFXa_!!1117995950.jpg
181,midea/美的-BL25B31,智能,34.02%,婴儿辅食,22.17%,手持,18.37%,小容量,17.21%,全自动,8.24%,http://img.alicdn.com/imgextra/i2/1685140992/TB2eXANgCCWBuNjy0FhXXb6EVXa_!!1685140992.jpg
182,midea/美的-BL25B36,婴儿辅食,23.09%,手持,21.2%,小容量,21.05%,智能,19.55%,全自动,15.12%,http://img.alicdn.com/imgextra/i4/680971956/TB2ppEcfIyYBuNkSnfoXXcWgVXa_!!680971956.jpg
183,midea/美的-MJ-BL10K21,智能,26.8%,婴儿辅食,22.36%,手持,19.85%,小容量,19.31%,全自动,11.68%,http://img.alicdn.com/imgextra/i3/3488681294/TB2pSTed7OWBuNjSsppXXXPgpXa_!!3488681294.jpg
184,midea/美的-MJ-BL10S11,智能,28.13%,婴儿辅食,22.16%,手持,19.51%,小容量,18.89%,全自动,11.3%,http://img.alicdn.com/imgextra/i4/736092053/TB2umnoqY0kpuFjy0FjXXcBbVXa_!!736092053.jpg
185,midea/美的-MJ-BL1206A,婴儿辅食,22.84%,智能,22.05%,手持,20.72%,小容量,20.38%,全自动,14.01%,http://img.alicdn.com/imgextra/i2/736092053/TB26mRZcAUOyuJjy1XdXXXlkXXa_!!736092053.jpg
186,midea/美的-MJ-BL12K31,智能,24.04%,婴儿辅食,22.78%,手持,20.33%,小容量,19.84%,全自动,13.01%,http://img.alicdn.com/imgextra/i1/3551003868/TB2rAJCtER1BeNjy0FmXXb0wVXa_!!3551003868.jpg
187,midea/美的-MJ-BL25B12,智能,28.65%,婴儿辅食,22.52%,手持,19.69%,小容量,18.37%,全自动,10.76%,http://img.alicdn.com/imgextra/i2/1117995950/TB2MZhylrGYBuNjy0FoXXciBFXa_!!1117995950.jpg
188,midea/美的-MJ-BL25B2,智能,32.57%,婴儿辅食,22.11%,手持,18.83%,小容量,17.73%,全自动,8.76%,http://img.alicdn.com/imgextra/i2/1688704882/TB1hCJ1uv5TBuNjSspmXXaDRVXa_!!2-item_pic.png
189,midea/美的-MJ-BL80Y21,智能,32.29%,婴儿辅食,21.97%,手持,18.72%,小容量,17.85%,全自动,9.16%,http://img.alicdn.com/imgextra/i2/296136868/TB24RWYe90mpuFjSZPiXXbssVXa_!!296136868.jpg
190,midea/美的-MJ-LZ15Easy209,智能,27.24%,婴儿辅食,22.5%,手持,19.94%,小容量,18.94%,全自动,11.38%,http://img.alicdn.com/imgextra/i4/2979107860/TB1CnGJux1YBuNjy1zcXXbNcXXa_!!2-item_pic.png
191,midea/美的-MJ-PB80Easy210,智能,28.84%,婴儿辅食,22.06%,手持,19.41%,小容量,18.76%,全自动,10.93%,http://img.alicdn.com/imgextra/i1/3551003868/TB2dUn0gBjTBKNjSZFDXXbVgVXa_!!3551003868.jpg
192,midea/美的-MJ-Power701,智能,32.51%,婴儿辅食,21.93%,手持,18.84%,小容量,17.84%,全自动,8.88%,http://img.alicdn.com/imgextra/i4/1098601372/TB2niogqb1YBuNjSszhXXcUsFXa_!!1098601372.jpg
193,midea/美的-MJ-WBL1008Q,婴儿辅食,23.16%,手持,21.39%,小容量,21.35%,智能,18.43%,全自动,15.67%,http://img.alicdn.com/imgextra/i2/736092053/TB2bo.heLjM8KJjSZFyXXXdzVXa_!!736092053.jpg
194,midea/美的-MJ-WBL2501A,智能,26.58%,婴儿辅食,23.04%,手持,19.72%,小容量,19.0%,全自动,11.66%,http://img.alicdn.com/imgextra/i3/201749140/TB1oAK8lOCYBuNkSnaVXXcMsVXa_!!2-item_pic.png
195,midea/美的-MJ-WBL2501B,智能,25.9%,婴儿辅食,22.98%,手持,20.25%,小容量,19.06%,全自动,11.8%,http://img.alicdn.com/imgextra/i3/2207593630/TB2UKNvlndYBeNkSmLyXXXfnVXa_!!2207593630-0-item_pic.jpg
196,midea/美的-MJ-WBL2501C,婴儿辅食,23.44%,手持,21.46%,小容量,21.17%,智能,18.11%,全自动,15.83%,http://img.alicdn.com/imgextra/i4/80281188/TB2H4gprbSYBuNjSspiXXXNzpXa_!!80281188.jpg
197,midea/美的-MJ-WBL2521H,智能,32.63%,婴儿辅食,22.3%,手持,18.85%,小容量,17.36%,全自动,8.86%,http://img.alicdn.com/imgextra/i4/2973966816/TB1rBV.uwmTBuNjy1XbXXaMrVXa_!!2-item_pic.png
198,midea/美的-MJ-WBL2531H,智能,32.59%,婴儿辅食,22.09%,手持,18.73%,小容量,17.76%,全自动,8.83%,http://img.alicdn.com/imgextra/i3/71816086/TB29tV0dxuTBuNkHFNRXXc9qpXa_!!71816086.jpg
199,midea/美的-MJ-WBL8005P,智能,23.75%,婴儿辅食,22.67%,手持,20.14%,小容量,20.07%,全自动,13.38%,http://img.alicdn.com/imgextra/i1/736092053/TB2x8VJknvI8KJjSspjXXcgjXXa_!!736092053.jpg
200,midea/美的-WBL1022S,智能,29.17%,婴儿辅食,22.28%,手持,19.37%,小容量,18.67%,全自动,10.51%,http://img.alicdn.com/imgextra/i2/1098601372/TB2zmOxjiCYBuNkHFCcXXcHtVXa_!!1098601372.jpg
201,midea/美的-WBL2531H,婴儿辅食,23.25%,手持,21.03%,小容量,20.73%,智能,20.54%,全自动,14.46%,http://img.alicdn.com/imgextra/i3/902908509/TB2IFCdumBYBeNjy0FeXXbnmFXa_!!902908509-0-item_pic.jpg
202,midea/美的-WBL25B36,婴儿辅食,23.32%,手持,21.33%,小容量,21.21%,智能,18.72%,全自动,15.43%,http://img.alicdn.com/imgextra/i1/2127676796/TB134pNhiCYBuNkHFCcXXcHtVXa_!!0-item_pic.jpg
203,midea/美的-美的破壁机,智能,34.97%,婴儿辅食,21.81%,手持,18.27%,小容量,17.18%,全自动,7.76%,http://img.alicdn.com/imgextra/i2/1715436492/TB2fLBmgr9YBuNjy0FgXXcxcXXa_!!1715436492.jpg
204,milate/美莱特-MS-1,智能,34.82%,婴儿辅食,20.95%,手持,20.04%,小容量,12.93%,全自动,11.25%,http://img.alicdn.com/imgextra/i4/1762900326/TB2N3fDdnqWBKNjSZFAXXanSpXa_!!1762900326.jpg
205,minimei-MM-201,智能,29.78%,婴儿辅食,21.37%,手持,19.02%,小容量,17.89%,全自动,11.94%,http://img.alicdn.com/imgextra/i2/2397107310/TB2FfytnElnpuFjSZFjXXXTaVXa_!!2397107310.jpg
206,murenking/牧人王-H19,智能,29.61%,婴儿辅食,22.42%,手持,18.94%,小容量,18.56%,全自动,10.47%,http://img.alicdn.com/imgextra/i3/1114836809/TB2QsJEur1YBuNjSszeXXablFXa_!!1114836809.jpg
207,nathome/北欧欧慕-NJB103SA,小容量,29.05%,手持,25.88%,婴儿辅食,23.12%,全自动,21.39%,智能,0.56%,http://img.alicdn.com/imgextra/i2/2095519855/TB2kOSOtr1YBuNjSszhXXcUsFXa_!!2095519855.jpg
208,panasonic/松下-MK-GB1,婴儿辅食,23.21%,智能,22.07%,手持,20.51%,小容量,20.23%,全自动,13.97%,http://img.alicdn.com/imgextra/i4/2471887644/TB2d6NHupOWBuNjy0FiXXXFxVXa_!!2471887644.jpg
209,panasonic/松下-MK-GH1,智能,25.59%,婴儿辅食,22.76%,小容量,19.75%,手持,19.73%,全自动,12.18%,http://img.alicdn.com/imgextra/i4/669690917/TB1BW8jtStYBeNjSspaXXaOOFXa_!!0-item_pic.jpg
210,panasonic/松下-MX-GS1,婴儿辅食,23.14%,手持,21.1%,小容量,20.84%,智能,20.03%,全自动,14.89%,http://img.alicdn.com/imgextra/i4/669690917/TB1CjvFtv9TBuNjy1zbXXXpepXa_!!0-item_pic.jpg
211,panasonic/松下-MX-GX1061,婴儿辅食,22.86%,智能,22.03%,手持,20.81%,小容量,20.35%,全自动,13.94%,http://img.alicdn.com/imgextra/i2/822324642/TB1ZLKjpr5YBuNjSspoXXbeNFXa_!!0-item_pic.jpg
212,panasonic/松下-MX-PSC101G1,智能,27.58%,婴儿辅食,22.31%,手持,19.86%,小容量,18.98%,全自动,11.27%,http://img.alicdn.com/imgextra/i2/2743180191/TB1EodrsYGYBuNjy0FoXXciBFXa_!!0-item_pic.jpg
213,panasonic/松下-MX-S401,智能,28.97%,婴儿辅食,22.54%,手持,19.21%,小容量,18.55%,全自动,10.73%,http://img.alicdn.com/imgextra/i2/1040259724/TB2yhY1liOYBuNjSsD4XXbSkFXa_!!1040259724-0-item_pic.jpg
214,panasonic/松下-MX-SS40,智能,29.58%,婴儿辅食,22.51%,手持,18.87%,小容量,18.62%,全自动,10.42%,http://img.alicdn.com/imgextra/i4/2743180191/TB2Abl2s1uSBuNjSsziXXbq8pXa_!!2743180191-0-item_pic.jpg
215,panasonic/松下-MX-XC501,智能,23.62%,婴儿辅食,23.19%,手持,20.17%,小容量,19.83%,全自动,13.19%,http://img.alicdn.com/imgextra/i4/669690917/TB18LnCtruWBuNjSszgXXb8jVXa_!!0-item_pic.jpg
216,panasonic/松下-MX-XC701,智能,35.37%,婴儿辅食,21.71%,手持,18.01%,小容量,17.15%,全自动,7.75%,http://img.alicdn.com/imgextra/i2/669690917/TB1WvrNtx1YBuNjy1zcXXbNcXXa_!!0-item_pic.jpg
217,panasonic/松下-MX-ZX1800,智能,33.14%,婴儿辅食,21.92%,手持,18.57%,小容量,17.68%,全自动,8.7%,http://img.alicdn.com/imgextra/i1/1040259724/TB2A70ttNWYBuNjy1zkXXXGGpXa_!!1040259724-0-item_pic.jpg
218,panasonic/松下-mx-ss1,智能,29.49%,婴儿辅食,22.61%,手持,18.98%,小容量,18.6%,全自动,10.32%,http://img.alicdn.com/imgextra/i4/1040259724/TB2oOErtuuSBuNjSsplXXbe8pXa_!!1040259724-0-item_pic.jpg
219,peskoe/半球-HB-J103,智能,35.17%,小容量,19.99%,手持,19.36%,婴儿辅食,15.95%,全自动,9.53%,http://img.alicdn.com/imgextra/i4/53073000/TB2hEMybhHI8KJjy1zbXXaxdpXa_!!53073000.jpg
220,peskoe/半球-HB-K805,手持,23.64%,小容量,22.23%,婴儿辅食,22.1%,全自动,17.47%,智能,14.56%,http://img.alicdn.com/imgextra/i3/1900694845/TB1MhoxsNGYBuNjy0FnXXX5lpXa_!!0-item_pic.jpg
221,peskoe/半球-HB-K808,智能,32.23%,婴儿辅食,21.91%,手持,18.9%,小容量,17.83%,全自动,9.13%,http://img.alicdn.com/imgextra/i3/1900694845/TB27fRlrpOWBuNjy0FiXXXFxVXa_!!1900694845-0-item_pic.jpg
222,philips/飞利浦-HR1604,智能,24.43%,婴儿辅食,23.03%,手持,20.36%,小容量,19.45%,全自动,12.73%,http://img.alicdn.com/imgextra/i3/2114696912/TB2GRIXl2iSBuNkSnhJXXbDcpXa_!!2114696912.jpg
223,philips/飞利浦-HR1608/03,智能,29.04%,婴儿辅食,22.75%,手持,19.2%,小容量,18.35%,全自动,10.66%,http://img.alicdn.com/imgextra/i3/TB1RGXFJXXXXXX7aXXXXXXXXXXX_!!0-item_pic.jpg
224,philips/飞利浦-HR1609,婴儿辅食,23.12%,手持,21.01%,智能,20.82%,小容量,20.4%,全自动,14.66%,http://img.alicdn.com/imgextra/i1/585745363/TB1Y.q2qL1TBuNjy0FjXXajyXXa_!!0-item_pic.jpg
225,philips/飞利浦-HR1626,智能,25.59%,婴儿辅食,23.0%,手持,19.9%,小容量,19.28%,全自动,12.23%,http://img.alicdn.com/imgextra/i3/92686194/TB1pdfstVGWBuNjy0FbXXb4sXXa_!!0-item_pic.jpg
226,philips/飞利浦-HR1672,智能,25.03%,婴儿辅食,22.52%,手持,20.12%,小容量,19.79%,全自动,12.54%,http://img.alicdn.com/imgextra/i2/585745363/TB1rlUEh0rJ8KJjSspaXXXuKpXa_!!0-item_pic.jpg
227,philips/飞利浦-HR1673,婴儿辅食,22.87%,智能,22.48%,小容量,20.6%,手持,20.1%,全自动,13.96%,http://img.alicdn.com/imgextra/i2/2884711927/TB1CSXNg2ImBKNjSZFlXXc43FXa_!!0-item_pic.jpg
228,philips/飞利浦-HR2056,智能,27.59%,婴儿辅食,22.79%,手持,19.94%,小容量,18.53%,全自动,11.14%,http://img.alicdn.com/imgextra/i2/108356190/TB24Z15jJhvOuFjSZFBXXcZgFXa_!!108356190.jpg
229,philips/飞利浦-HR2056/00,智能,24.72%,婴儿辅食,22.98%,手持,20.34%,小容量,19.29%,全自动,12.67%,http://img.alicdn.com/imgextra/i1/59777114/TB2O50qXmKI.eBjy1zcXXXIOpXa_!!59777114.jpg
230,philips/飞利浦-HR2062,智能,30.58%,婴儿辅食,22.34%,手持,19.34%,小容量,17.86%,全自动,9.89%,http://img.alicdn.com/imgextra/i1/257594929/TB2IQkyaXHzQeBjSZFpXXXm1XXa_!!257594929.jpg
231,philips/飞利浦-HR2100,智能,33.13%,婴儿辅食,22.21%,手持,18.51%,小容量,17.67%,全自动,8.49%,http://img.alicdn.com/imgextra/i1/585745363/TB22RwvtAOWBuNjSsppXXXPgpXa_!!585745363-0-item_pic.jpg
232,philips/飞利浦-HR2100/40,智能,30.66%,婴儿辅食,22.17%,手持,19.15%,小容量,18.2%,全自动,9.82%,http://img.alicdn.com/imgextra/i3/1092019494/TB2evMNoACWBuNjy0FaXXXUlXXa_!!1092019494.jpg
233,philips/飞利浦-HR2166,婴儿辅食,22.94%,手持,21.02%,小容量,20.75%,智能,20.62%,全自动,14.67%,http://img.alicdn.com/imgextra/i3/585745363/TB1mEx0dWQoBKNjSZJnXXaw9VXa_!!0-item_pic.jpg
234,philips/飞利浦-HR3653,智能,27.25%,婴儿辅食,22.59%,手持,19.9%,小容量,18.83%,全自动,11.43%,http://img.alicdn.com/imgextra/i3/22932360/TB2oJp5gSfD8KJjSszhXXbIJFXa_!!22932360.jpg
235,philips/飞利浦-hr2101,婴儿辅食,23.37%,手持,21.25%,小容量,20.91%,智能,19.08%,全自动,15.39%,http://img.alicdn.com/imgextra/i1/725490877/TB25OygdiQnBKNjSZFmXXcApVXa_!!725490877.jpg
236,philips/飞利浦-hr2872,婴儿辅食,23.18%,智能,21.97%,手持,20.81%,小容量,20.19%,全自动,13.84%,http://img.alicdn.com/imgextra/i4/725490877/TB22O_4pDJYBeNjy1zeXXahzVXa_!!725490877.jpg
237,philips/飞利浦-hr2874,智能,26.38%,婴儿辅食,22.68%,手持,19.87%,小容量,19.21%,全自动,11.85%,http://img.alicdn.com/imgextra/i3/352515099/TB2RF1ufTdYBeNkSmLyXXXfnVXa_!!352515099-0-item_pic.jpg
238,ranbem/瑞本-767S,全自动,27.77%,婴儿辅食,24.48%,手持,22.62%,小容量,21.66%,智能,3.46%,http://img.alicdn.com/imgextra/i3/1691479555/TB2T6sJA7qvpuFjSZFhXXaOgXXa_!!1691479555.jpg
239,ranbem/瑞本-768B,全自动,25.42%,婴儿辅食,24.02%,小容量,22.8%,手持,20.06%,智能,7.7%,http://img.alicdn.com/imgextra/i2/1691479555/TB22T7ic1uSBuNjSsziXXbq8pXa_!!1691479555.jpg
240,ranbem/瑞本-775,婴儿辅食,24.0%,小容量,22.88%,全自动,22.07%,手持,20.99%,智能,10.06%,http://img.alicdn.com/imgextra/i1/2771635964/TB2VdSqpuOSBuNjy0FdXXbDnVXa_!!2771635964.jpg
241,ranbem/瑞本-RBM-728,智能,48.43%,婴儿辅食,26.36%,小容量,12.31%,手持,10.43%,全自动,2.46%,http://img.alicdn.com/imgextra/i2/2771635964/TB2Pk.OkmYH8KJjSspdXXcRgVXa_!!2771635964.jpg
242,ranbem/瑞本-RBM-768B,手持,22.43%,智能,22.42%,婴儿辅食,22.35%,小容量,21.87%,全自动,10.93%,http://img.alicdn.com/imgextra/i3/2771635964/TB2e66CklcHL1JjSZJiXXcKcpXa_!!2771635964.jpg
243,ranbem/瑞本-RBM-775,全自动,25.51%,婴儿辅食,22.76%,小容量,20.69%,手持,19.69%,智能,11.36%,http://img.alicdn.com/imgextra/i3/1691479555/TB2sLxYkaSWBuNjSsrbXXa0mVXa_!!1691479555.jpg
244,recolte/丽克特-RCP-2,智能,28.41%,婴儿辅食,22.59%,手持,19.57%,小容量,18.46%,全自动,10.96%,http://img.alicdn.com/imgextra/i4/3560222287/TB2yEwOuk9WBuNjSspeXXaz5VXa_!!3560222287.jpg
245,robot-coupe/罗伯特.库伯-MICROMIX,智能,29.5%,婴儿辅食,22.44%,手持,19.23%,小容量,18.25%,全自动,10.58%,http://img.alicdn.com/imgextra/i1/82359668/TB2VgVqeFmWBuNjSspdXXbugXXa_!!82359668.jpg
246,rosenstein&sohne-NC2406,智能,27.42%,婴儿辅食,22.18%,手持,19.64%,小容量,19.15%,全自动,11.59%,http://img.alicdn.com/imgextra/i3/2891692197/TB1yo1Ek8mWBuNkSndVXXcsApXa_!!0-item_pic.jpg
247,royalstar/荣事达-RS-JR20E,智能,23.83%,婴儿辅食,22.7%,手持,20.48%,小容量,19.99%,全自动,12.99%,http://img.alicdn.com/imgextra/i4/1749513003/TB2YPrFpCtYBeNjSspkXXbU8VXa_!!1749513003.jpg
248,royalstar/荣事达-RZ-1018C1,智能,34.04%,婴儿辅食,21.99%,手持,18.37%,小容量,17.42%,全自动,8.18%,http://img.alicdn.com/imgextra/i2/3055986482/TB2tcdThSBYBeNjy0FeXXbnmFXa_!!3055986482.jpg
249,royalstar/荣事达-RZ-283,婴儿辅食,22.86%,智能,22.3%,手持,20.9%,小容量,20.22%,全自动,13.73%,http://img.alicdn.com/imgextra/i1/261351536/TB22gnvkiCYBuNkSnaVXXcMsVXa_!!261351536.jpg
250,royalstar/荣事达-RZ-378H,智能,25.71%,婴儿辅食,22.75%,手持,19.93%,小容量,19.26%,全自动,12.35%,http://img.alicdn.com/imgextra/i3/866308259/TB2Uhs2dDlYBeNjSszcXXbwhFXa_!!866308259.jpg
251,royalstar/荣事达-RZ-505,智能,29.37%,婴儿辅食,22.32%,手持,19.17%,小容量,18.72%,全自动,10.42%,http://img.alicdn.com/imgextra/i3/3235139028/TB2.ttqc8LN8KJjSZFpXXbZaVXa_!!3235139028.jpg
252,royalstar/荣事达-RZ-708H,智能,32.32%,婴儿辅食,22.23%,手持,19.02%,小容量,17.47%,全自动,8.95%,http://img.alicdn.com/imgextra/i2/TB1bp1EPXXXXXbRaXXXXXXXXXXX_!!0-item_pic.jpg
253,royalstar/荣事达-RZ-8001,智能,33.88%,婴儿辅食,22.05%,手持,18.45%,小容量,17.54%,全自动,8.09%,http://img.alicdn.com/imgextra/i2/3235139028/TB2f5gntY1YBuNjSszeXXablFXa_!!3235139028.jpg
254,royalstar/荣事达-RZ-8012,智能,32.75%,婴儿辅食,22.11%,手持,18.62%,小容量,17.81%,全自动,8.71%,http://img.alicdn.com/imgextra/i3/3235139028/TB2V8Z5XcyYBuNkSnfoXXcWgVXa_!!3235139028.jpg
255,savtm/狮威特-BR11A,智能,32.23%,婴儿辅食,21.91%,手持,18.9%,小容量,17.83%,全自动,9.13%,http://img.alicdn.com/imgextra/i2/2966639728/TB27zGbgx6I8KJjy0FgXXXXzVXa_!!2966639728.jpg
256,severin-SM3710,婴儿辅食,22.88%,智能,21.63%,手持,20.73%,小容量,20.51%,全自动,14.25%,http://img.alicdn.com/imgextra/i3/2774585787/TB21mPWmcyYBuNkSnfoXXcWgVXa_!!2774585787-0-item_pic.jpg
257,severin-SM3739,智能,25.01%,婴儿辅食,22.96%,手持,19.87%,小容量,19.52%,全自动,12.64%,http://img.alicdn.com/imgextra/i2/2774585787/TB2jMdVk3KTBuNkSne1XXaJoXXa_!!2774585787-0-item_pic.jpg
258,shield king/盾皇-DK-777,智能,32.3%,婴儿辅食,22.03%,手持,18.57%,小容量,17.87%,全自动,9.23%,http://img.alicdn.com/imgextra/i4/2929807433/TB27NklouuSBuNjSsplXXbe8pXa_!!2929807433.jpg
259,skg-1260C,智能,31.29%,婴儿辅食,21.86%,手持,19.45%,小容量,17.75%,全自动,9.65%,http://img.alicdn.com/imgextra/i1/3022252849/TB1bSspngmTBuNjy1XbXXaMrVXa_!!0-item_pic.jpg
260,skg-1290,智能,30.1%,婴儿辅食,22.01%,手持,19.27%,小容量,18.46%,全自动,10.16%,http://img.alicdn.com/imgextra/i1/370258736/TB21rmXn4SYBuNjSsphXXbGvVXa_!!370258736-0-item_pic.jpg
261,skg-1293,智能,25.34%,婴儿辅食,23.01%,手持,19.83%,小容量,19.31%,全自动,12.5%,http://img.alicdn.com/imgextra/i2/786621631/TB2AFeHuf9TBuNjy1zbXXXpepXa_!!786621631.jpg
262,smeg-SMF 01,智能,24.07%,婴儿辅食,22.69%,小容量,20.26%,手持,19.81%,全自动,13.16%,http://img.alicdn.com/imgextra/i3/2080867528/TB2j5FHuAyWBuNjy0FpXXassXXa_!!2080867528.jpg
263,stelang/雪特朗-ST-301A,智能,31.74%,婴儿辅食,22.25%,手持,18.77%,小容量,18.02%,全自动,9.23%,http://img.alicdn.com/imgextra/i2/844210459/TB1WVAfo3vD8KJjy0FlXXagBFXa_!!0-item_pic.jpg
264,supor/苏泊尔-BV501-300,智能,23.37%,婴儿辅食,22.98%,手持,20.53%,小容量,19.66%,全自动,13.46%,http://img.alicdn.com/imgextra/i4/160586276/TB2SbtrsY1YBuNjSszeXXablFXa_!!160586276-0-item_pic.jpg
265,supor/苏泊尔-JG32D-300,智能,25.23%,婴儿辅食,22.65%,手持,20.18%,小容量,19.42%,全自动,12.51%,http://img.alicdn.com/imgextra/i4/2851445614/TB14BppcpLM8KJjSZFBXXXJHVXa_!!0-item_pic.jpg
266,supor/苏泊尔-JM10-150,婴儿辅食,23.19%,手持,21.4%,小容量,21.21%,智能,18.81%,全自动,15.38%,http://img.alicdn.com/imgextra/i2/356409596/TB2S8VBm26H8KJjy0FjXXaXepXa_!!356409596.jpg
267,supor/苏泊尔-JP05D-1300,智能,34.96%,手持,23.47%,婴儿辅食,19.88%,小容量,18.55%,全自动,3.15%,http://img.alicdn.com/imgextra/i2/2820265280/TB2HjTPccbI8KJjy1zdXXbe1VXa_!!2820265280.jpg
268,supor/苏泊尔-JP06D-1300,智能,29.07%,婴儿辅食,22.5%,手持,19.42%,小容量,18.36%,全自动,10.65%,http://img.alicdn.com/imgextra/i3/3252524081/TB2Ows_huOSBuNjy0FdXXbDnVXa_!!3252524081.jpg
269,supor/苏泊尔-JP08P,智能,35.46%,婴儿辅食,21.01%,手持,20.23%,小容量,18.7%,全自动,4.59%,http://img.alicdn.com/imgextra/i4/2453844259/TB2QC9cqmBYBeNjy0FeXXbnmFXa_!!2453844259.jpg
270,supor/苏泊尔-JP08P-1300,智能,31.95%,婴儿辅食,21.76%,手持,19.14%,小容量,17.99%,全自动,9.15%,http://img.alicdn.com/imgextra/i2/3252524081/TB2ykgLppOWBuNjy0FiXXXFxVXa_!!3252524081.jpg
271,supor/苏泊尔-JP10DA-1300,智能,31.73%,婴儿辅食,22.02%,手持,18.92%,小容量,17.96%,全自动,9.37%,http://img.alicdn.com/imgextra/i3/405125123/TB2ufH.aQfb_uJkHFCcXXXagFXa_!!405125123.jpg
272,supor/苏泊尔-JP12D-800,智能,30.39%,婴儿辅食,22.09%,手持,19.16%,小容量,18.32%,全自动,10.04%,http://img.alicdn.com/imgextra/i2/2820265280/TB28AiceCcqBKNjSZFgXXX_kXXa_!!2820265280.jpg
273,supor/苏泊尔-JP13D-800,智能,31.0%,手持,22.23%,小容量,21.65%,婴儿辅食,20.24%,全自动,4.88%,http://img.alicdn.com/imgextra/i4/2820265280/TB2FVGzoCBYBeNjy0FeXXbnmFXa_!!2820265280.jpg
274,supor/苏泊尔-JP23D-1100,智能,29.35%,婴儿辅食,22.25%,手持,18.09%,小容量,16.77%,全自动,13.53%,http://img.alicdn.com/imgextra/i1/411927857/TB2ewycgYGYBuNjy0FoXXciBFXa_!!411927857.jpg
275,supor/苏泊尔-JP37V-1300,智能,31.35%,婴儿辅食,21.84%,手持,19.05%,小容量,18.12%,全自动,9.64%,http://img.alicdn.com/imgextra/i4/2820265280/TB2zlFdoQSWBuNjSszdXXbeSpXa_!!2820265280.jpg
276,supor/苏泊尔-JS36D-300,智能,33.51%,婴儿辅食,21.85%,手持,18.67%,小容量,17.46%,全自动,8.51%,http://img.alicdn.com/imgextra/i2/671727473/TB2_BIhoxGYBuNjy0FnXXX5lpXa_!!671727473-0-item_pic.jpg
277,supor/苏泊尔-JS39D-250,婴儿辅食,27.23%,小容量,20.37%,手持,20.27%,全自动,19.33%,智能,12.79%,http://img.alicdn.com/imgextra/i1/925713709/TB2iC2cur9YBuNjy0FgXXcxcXXa_!!925713709-0-item_pic.jpg
278,supor/苏泊尔-SJ609B-300,智能,29.34%,婴儿辅食,24.23%,小容量,18.12%,手持,17.84%,全自动,10.48%,http://img.alicdn.com/imgextra/i3/2065839946/TB1x1X3uAyWBuNjy0FpXXassXXa_!!0-item_pic.jpg
279,supor/苏泊尔-TJE08A-250,全自动,30.0%,小容量,23.02%,婴儿辅食,22.5%,手持,19.65%,智能,4.84%,http://img.alicdn.com/imgextra/i4/2334786851/TB20zvhtXuWBuNjSszbXXcS7FXa_!!2334786851.jpg
280,teables/泰博斯-SY-1,智能,42.62%,婴儿辅食,19.78%,手持,16.43%,小容量,12.8%,全自动,8.37%,http://img.alicdn.com/imgextra/i4/2362774629/TB2TX1OpFuWBuNjSszbXXcS7FXa_!!2362774629.jpg
281,tescom-TMV1500,智能,48.65%,手持,19.67%,小容量,14.83%,婴儿辅食,10.3%,全自动,6.54%,http://img.alicdn.com/imgextra/i2/1873147866/TB2IFLajN6I8KJjy0FgXXXXzVXa_!!1873147866.jpg
282,tescom-TMV1550,智能,33.74%,手持,21.2%,婴儿辅食,20.54%,小容量,19.22%,全自动,5.3%,http://img.alicdn.com/imgextra/i1/3083413868/TB2ho4DuL9TBuNjy0FcXXbeiFXa_!!3083413868-0-item_pic.jpg
283,topkitch-MS-1,智能,23.86%,婴儿辅食,23.07%,手持,20.36%,小容量,19.7%,全自动,13.02%,http://img.alicdn.com/imgextra/i1/781321328/TB2tRcugxHI8KJjy1zbXXaxdpXa_!!781321328.jpg
284,toplife/好生活-TL-7233DP,智能,32.13%,婴儿辅食,21.78%,手持,18.94%,小容量,17.92%,全自动,9.23%,http://img.alicdn.com/imgextra/i1/2094287219/TB2U1yamXuWBuNjSspnXXX1NVXa_!!2094287219.jpg
285,toplife/好生活-TL-783B,智能,33.87%,婴儿辅食,21.75%,手持,18.83%,小容量,16.86%,全自动,8.69%,http://img.alicdn.com/imgextra/i4/2094287219/TB2LACOlStYBeNjSspaXXaOOFXa_!!2094287219.jpg
286,ukoeo-PR6,智能,31.56%,婴儿辅食,21.92%,手持,19.04%,小容量,18.0%,全自动,9.47%,http://img.alicdn.com/imgextra/i3/1761216492/TB1R8V9pA9WBuNjSspeXXaz5VXa_!!0-item_pic.jpg
287,ukoeo-PR9,智能,28.15%,婴儿辅食,22.34%,手持,19.63%,小容量,18.77%,全自动,11.11%,http://img.alicdn.com/imgextra/i4/3243326368/TB2zQOSauUXBuNjt_XBXXXeDXXa_!!3243326368.jpg
288,viomi/云米-YM-BH01,智能,39.68%,婴儿辅食,20.89%,手持,18.96%,小容量,17.85%,全自动,2.61%,http://img.alicdn.com/imgextra/i3/2984235367/TB2_OTweOAnBKNjSZFvXXaTKXXa_!!2984235367.jpg
289,westinghouse/西屋-A1,智能,35.47%,婴儿辅食,21.53%,手持,18.61%,小容量,16.57%,全自动,7.81%,http://img.alicdn.com/imgextra/i2/2781968334/TB2RAwXubSYBuNjSspiXXXNzpXa_!!2781968334.jpg
290,whirlpool/惠而浦-WBL-MS302D,智能,48.91%,婴儿辅食,20.56%,手持,17.36%,小容量,11.68%,全自动,1.49%,http://img.alicdn.com/imgextra/i1/3122798808/TB23FYPtrSYBuNjSspiXXXNzpXa_!!3122798808.jpg
291,wik/伟嘉-电动迷你搅拌机,智能,23.41%,婴儿辅食,22.86%,手持,20.4%,小容量,20.1%,全自动,13.23%,http://img.alicdn.com/imgextra/i3/TB1iDPlHXXXXXc2XpXXXXXXXXXX_!!0-item_pic.jpg
292,wmf-04 1627 0011,智能,26.74%,婴儿辅食,22.6%,手持,19.72%,小容量,19.22%,全自动,11.73%,http://img.alicdn.com/imgextra/i1/1065550386/TB2K6DPqFXXXXXPXpXXXXXXXXXX_!!1065550386.jpg
293,wmf-04.1635.9911,智能,32.9%,婴儿辅食,21.92%,手持,18.54%,小容量,17.78%,全自动,8.86%,http://img.alicdn.com/imgextra/i2/1711140667/TB2qp8nfk7mBKNjSZFyXXbydFXa_!!1711140667.jpg
294,wmf-KULT X,智能,27.93%,婴儿辅食,22.68%,手持,19.72%,小容量,18.59%,全自动,11.08%,http://img.alicdn.com/imgextra/i2/2829060891/TB2puKKa2v85uJjSZFxXXal4XXa_!!2829060891.jpg
295,信言-AMT2516,智能,34.39%,婴儿辅食,21.9%,手持,18.73%,小容量,16.79%,全自动,8.19%,http://img.alicdn.com/imgextra/i1/2199793176/TB2jL8Ut0RopuFjSZFtXXcanpXa_!!2199793176.jpg
296,凯云-1251-3,智能,39.62%,婴儿辅食,20.29%,手持,19.65%,小容量,18.17%,全自动,2.27%,http://img.alicdn.com/imgextra/i2/2449168968/TB2Bs3kh8TH8KJjy0FiXXcRsXXa_!!2449168968.jpg
297,凯云-KY- 602,手持,23.95%,婴儿辅食,23.92%,小容量,21.67%,全自动,16.28%,智能,14.18%,http://img.alicdn.com/imgextra/i4/2449168968/TB2alaBitbJ8KJjy1zjXXaqapXa_!!2449168968.jpg
298,凯云-KY-3,手持,24.94%,小容量,22.97%,婴儿辅食,22.18%,智能,15.95%,全自动,13.96%,http://img.alicdn.com/imgextra/i3/2449168968/TB2bBITXm8YBeNkSnb4XXaevFXa_!!2449168968.jpg
299,凯云-KY-601,智能,46.3%,婴儿辅食,22.2%,手持,15.44%,小容量,13.67%,全自动,2.39%,http://img.alicdn.com/imgextra/i4/2449168968/TB2NcSDkLuSBuNkHFqDXXXfhVXa_!!2449168968.jpg
300,凯云-LM-FS501,智能,29.54%,婴儿辅食,22.27%,手持,19.31%,小容量,18.44%,全自动,10.43%,http://img.alicdn.com/imgextra/i3/722463015/TB2UMAHh4PI8KJjSspfXXcCFXXa_!!722463015.jpg
301,凯福赛-207,智能,34.26%,婴儿辅食,21.87%,手持,18.29%,小容量,17.46%,全自动,8.13%,http://img.alicdn.com/imgextra/i3/1871236471/TB2DlQngIrI8KJjy0FhXXbfnpXa_!!1871236471.jpg
302,合慧-H1,小容量,24.15%,全自动,21.79%,婴儿辅食,19.88%,手持,17.31%,智能,16.87%,http://img.alicdn.com/imgextra/i2/2336243300/TB2gPentv1TBuNjy0FjXXajyXXa_!!2336243300.jpg
303,合慧-H3,智能,33.57%,婴儿辅食,21.81%,手持,18.68%,小容量,17.5%,全自动,8.45%,http://img.alicdn.com/imgextra/i3/2336243300/TB2V_iGaVqZBuNjt_jqXXamzpXa_!!2336243300.jpg
304,合慧-HH201,智能,45.46%,婴儿辅食,22.21%,手持,15.77%,小容量,15.4%,全自动,1.16%,http://img.alicdn.com/imgextra/i1/2336243300/TB2YprAntfJ8KJjy0FeXXXKEXXa_!!2336243300.jpg
305,喜贡-HL-1878,全自动,24.07%,婴儿辅食,23.61%,小容量,21.26%,手持,19.8%,智能,11.26%,http://img.alicdn.com/imgextra/i4/2579140052/TB2vCrHpN1YBuNjy1zcXXbNcXXa_!!2579140052.jpg
306,嘉和-MB-1001,婴儿辅食,23.61%,手持,22.86%,小容量,22.73%,全自动,16.67%,智能,14.14%,http://img.alicdn.com/imgextra/i1/3299888022/TB2e0lJhAfb_uJjSsrbXXb6bVXa_!!3299888022.jpg
307,奥诺斯-ANS-F900,智能,30.35%,婴儿辅食,22.52%,手持,17.55%,小容量,16.95%,全自动,12.62%,http://img.alicdn.com/imgextra/i2/2689901711/TB2M9m3c3mTBuNjy1XbXXaMrVXa_!!2689901711.jpg
308,家必康-2160,智能,34.41%,婴儿辅食,21.85%,手持,18.25%,小容量,17.42%,全自动,8.07%,http://img.alicdn.com/imgextra/i3/1871236471/TB2aGyItAyWBuNjy0FpXXassXXa_!!1871236471.jpg
309,小太阳-TM-3S,智能,37.07%,婴儿辅食,23.5%,小容量,14.61%,手持,14.52%,全自动,10.29%,http://img.alicdn.com/imgextra/i2/1759505279/TB2euQPi_XYBeNkHFrdXXciuVXa_!!1759505279-0-item_pic.jpg
310,小太阳-TM-803T,智能,52.85%,手持,27.57%,婴儿辅食,11.25%,小容量,6.07%,全自动,2.25%,http://img.alicdn.com/imgextra/i2/1759505279/TB22ZBisL5TBuNjSspcXXbnGFXa_!!1759505279-0-item_pic.jpg
311,山雄-XZ-PB6818,智能,31.87%,婴儿辅食,22.32%,手持,18.84%,小容量,17.73%,全自动,9.24%,http://img.alicdn.com/imgextra/i3/774900760/TB24KQGo7yWBuNjy0FpXXassXXa_!!774900760.jpg
312,慧浦-CB-502,智能,44.68%,婴儿辅食,20.28%,手持,17.04%,小容量,14.43%,全自动,3.57%,http://img.alicdn.com/imgextra/i4/1082385966/TB2ThSpaGmWBuNjy1XaXXXCbXXa_!!1082385966.jpg
313,慧浦-HP-010,智能,45.9%,婴儿辅食,23.19%,小容量,13.87%,手持,12.69%,全自动,4.34%,http://img.alicdn.com/imgextra/i3/1082385966/TB27pJemhrI8KJjy0FpXXb5hVXa_!!1082385966.jpg
314,慧浦-YS-001,智能,32.46%,婴儿辅食,21.94%,手持,18.71%,小容量,17.82%,全自动,9.08%,http://img.alicdn.com/imgextra/i4/211263556/TB2050npuSSBuNjy0FlXXbBpVXa_!!211263556.jpg
315,扬子-MB-1201J2,智能,55.45%,婴儿辅食,19.46%,手持,14.75%,小容量,6.17%,全自动,4.18%,http://img.alicdn.com/imgextra/i2/2986804705/TB21qPXbv9TBuNjy1zbXXXpepXa_!!2986804705.jpg
316,朋客-SG-350B,小容量,27.83%,婴儿辅食,27.52%,手持,23.61%,全自动,20.12%,智能,0.92%,http://img.alicdn.com/imgextra/i4/444760264/TB2A.oogQZmBKNjSZPiXXXFNVXa_!!444760264.jpg
317,朋客-SG-350C,小容量,25.5%,全自动,24.88%,手持,24.55%,婴儿辅食,22.81%,智能,2.26%,http://img.alicdn.com/imgextra/i4/2130194131/TB2P50JbHsrBKNjSZFpXXcXhFXa_!!2130194131.jpg
318,朋客-SG-350D,手持,24.61%,小容量,22.56%,智能,21.76%,全自动,17.62%,婴儿辅食,13.44%,http://img.alicdn.com/imgextra/i2/2130194131/TB1P2y5a_JYBeNjy1zeXXahzVXa_!!0-item_pic.jpg
319,朋客-SG-350F,智能,33.17%,婴儿辅食,22.23%,手持,18.9%,小容量,17.24%,全自动,8.45%,http://img.alicdn.com/imgextra/i3/1671264226/TB2VxbyagKTBuNkSne1XXaJoXXa_!!1671264226.jpg
320,格明-K-06,智能,31.01%,婴儿辅食,22.21%,手持,18.74%,小容量,18.3%,全自动,9.74%,http://img.alicdn.com/imgextra/i1/2540272643/TB2oPRhc8LN8KJjSZFPXXXoLXXa_!!2540272643.jpg
321,格明-K28,智能,59.93%,婴儿辅食,19.04%,手持,10.05%,小容量,9.78%,全自动,1.2%,http://img.alicdn.com/imgextra/i1/2540272643/TB2BbD0a9CWBuNjy0FhXXb6EVXa_!!2540272643.jpg
322,欧八-欧八HL-A,智能,29.52%,婴儿辅食,22.48%,手持,19.51%,小容量,18.61%,全自动,9.89%,http://img.alicdn.com/imgextra/i2/910387439/TB2zjEanXGWBuNjy0FbXXb4sXXa_!!910387439.jpg
323,欧麦斯-P802,智能,30.94%,婴儿辅食,22.08%,手持,19.04%,小容量,18.16%,全自动,9.78%,http://img.alicdn.com/imgextra/i3/3052942911/TB27OEnlb9YBuNjy0FgXXcxcXXa_!!3052942911-0-item_pic.jpg
324,欧麦斯-P806,智能,34.92%,婴儿辅食,21.75%,手持,18.09%,小容量,17.32%,全自动,7.92%,http://img.alicdn.com/imgextra/i4/2177424324/TB2FsVcjpOWBuNjy0FiXXXFxVXa_!!2177424324-0-item_pic.jpg
325,水花-MB-1001,婴儿辅食,25.31%,小容量,24.52%,手持,22.04%,全自动,21.87%,智能,6.25%,http://img.alicdn.com/imgextra/i2/2784541229/TB2eXpZdHZnBKNjSZFKXXcGOVXa_!!2784541229.jpg
326,水花-MB-1301K13,智能,58.36%,婴儿辅食,16.79%,手持,12.17%,全自动,6.85%,小容量,5.83%,http://img.alicdn.com/imgextra/i3/676010293/TB22I.IhMaTBuNjSszfXXXgfpXa_!!676010293.jpg
327,汉宝-HB-J303,智能,55.94%,婴儿辅食,15.84%,全自动,11.93%,手持,9.77%,小容量,6.52%,http://img.alicdn.com/imgextra/i3/2201922578/TB2dRP2sQyWBuNjy0FpXXassXXa_!!2201922578.jpg
328,沃佳健-HH-1001,智能,32.02%,婴儿辅食,22.6%,手持,20.02%,小容量,18.31%,全自动,7.06%,http://img.alicdn.com/imgextra/i2/259146172/TB2LRjodrglyKJjSZFuXXaE6FXa_!!259146172.jpg
329,福菱-FL-001,婴儿辅食,24.35%,小容量,23.46%,手持,22.28%,全自动,15.69%,智能,14.21%,http://img.alicdn.com/imgextra/i1/2730653392/TB2M5RjubuWBuNjSszgXXb8jVXa_!!2730653392.jpg
330,福菱-FL1308,小容量,23.98%,手持,23.96%,婴儿辅食,22.82%,全自动,18.88%,智能,10.36%,http://img.alicdn.com/imgextra/i3/2730653392/TB2cwTKgGQoBKNjSZJnXXaw9VXa_!!2730653392.jpg
331,福菱-FL2655,智能,28.75%,婴儿辅食,22.7%,手持,17.67%,小容量,17.36%,全自动,13.52%,http://img.alicdn.com/imgextra/i2/2730653392/TB2Ff68dMmTBuNjy1XbXXaMrVXa_!!2730653392.jpg
332,福菱-FL2658,智能,32.16%,婴儿辅食,21.94%,手持,18.75%,小容量,17.9%,全自动,9.25%,http://img.alicdn.com/imgextra/i2/2730653392/TB2rSZOaOCYBuNkHFCcXXcHtVXa_!!2730653392.jpg
333,米技-HB3001,智能,24.32%,婴儿辅食,22.79%,手持,20.04%,小容量,19.86%,全自动,12.98%,http://img.alicdn.com/imgextra/i4/2301972298/TB2i68Pr4SYBuNjSspjXXX73VXa_!!2301972298.jpg
334,绿航-LH-513,智能,32.48%,婴儿辅食,22.01%,手持,18.96%,小容量,17.67%,全自动,8.88%,http://img.alicdn.com/imgextra/i3/2549325276/TB2QKjMk8TH8KJjy0FiXXcRsXXa_!!2549325276.jpg
335,良太-2166,手持,37.5%,小容量,32.2%,婴儿辅食,12.4%,全自动,9.41%,智能,8.5%,http://img.alicdn.com/imgextra/i2/2723631070/TB2I3t0grBkpuFjy1zkXXbSpFXa_!!2723631070.jpg
336,蒙达-M-06B,智能,38.75%,婴儿辅食,23.26%,小容量,16.18%,手持,15.93%,全自动,5.88%,http://img.alicdn.com/imgextra/i4/816291811/TB2Bh0fX1OSBuNjy0FdXXbDnVXa_!!816291811.jpg
337,蒙达-M-08,手持,24.21%,小容量,23.48%,婴儿辅食,22.64%,全自动,15.63%,智能,14.04%,http://img.alicdn.com/imgextra/i4/816291811/TB1Xn8jm8TH8KJjy0FiXXcRsXXa_!!0-item_pic.jpg
338,金厨喜-QC-888,全自动,27.53%,婴儿辅食,26.42%,小容量,23.66%,手持,18.11%,智能,4.29%,http://img.alicdn.com/imgextra/i4/1082385966/TB2UpbPnInI8KJjSsziXXb8QpXa_!!1082385966.jpg
339,金正-818A,智能,31.94%,婴儿辅食,22.08%,手持,18.86%,小容量,17.94%,全自动,9.19%,http://img.alicdn.com/imgextra/i4/547328700/TB275Lhn7OWBuNjSsppXXXPgpXa_!!547328700.jpg
340,金正-D30,婴儿辅食,23.03%,智能,22.36%,手持,20.66%,小容量,20.14%,全自动,13.81%,http://img.alicdn.com/imgextra/i4/2453780152/TB2HJNAigDD8KJjy0FdXXcjvXXa_!!2453780152.jpg
341,金正-JZPB-100D02,智能,34.65%,婴儿辅食,21.83%,手持,18.12%,小容量,17.36%,全自动,8.04%,http://img.alicdn.com/imgextra/i3/547328700/TB2CjAlf9CWBuNjy0FhXXb6EVXa_!!547328700.jpg
342,金正-JZPB-809A,智能,29.53%,婴儿辅食,22.15%,手持,19.19%,小容量,18.48%,全自动,10.65%,http://img.alicdn.com/imgextra/i4/924448679/TB2z.Qfh8HH8KJjy0FbXXcqlpXa_!!924448679.jpg
343,金正-JZPB-810A,智能,32.95%,婴儿辅食,21.97%,手持,18.62%,小容量,17.68%,全自动,8.78%,http://img.alicdn.com/imgextra/i4/2453771986/TB2Aq.zdH9YBuNjy0FgXXcxcXXa_!!2453771986.jpg
344,金正-JZPB-824B,智能,32.8%,婴儿辅食,22.07%,手持,18.71%,小容量,17.68%,全自动,8.74%,http://img.alicdn.com/imgextra/i1/547328700/TB24KsBevuSBuNkHFqDXXXfhVXa_!!547328700.jpg
345,金正-JZPB-950,智能,28.88%,婴儿辅食,22.3%,手持,19.48%,小容量,18.67%,全自动,10.66%,http://img.alicdn.com/imgextra/i3/547328700/TB2QaI9f4GYBuNjy0FnXXX5lpXa_!!547328700.jpg
346,金正-JZPB-960,智能,32.46%,婴儿辅食,21.9%,手持,18.86%,小容量,17.77%,全自动,9.02%,http://img.alicdn.com/imgextra/i4/924448679/TB2KJCwhKSSBuNjy0FlXXbBpVXa_!!924448679.jpg
347,金正-JZR-R329,智能,25.01%,婴儿辅食,22.81%,小容量,19.8%,手持,19.7%,全自动,12.68%,http://img.alicdn.com/imgextra/i3/2103760658/TB2lhSXa3aTBuNjSszfXXXgfpXa_!!2103760658.jpg
348,金正-JZW-2507,智能,30.03%,婴儿辅食,22.32%,手持,19.47%,小容量,18.04%,全自动,10.14%,http://img.alicdn.com/imgextra/i3/1959232976/TB2n8qyk29TBuNjy1zbXXXpepXa_!!1959232976-0-item_pic.jpg
349,金耐欧-180B,智能,44.1%,婴儿辅食,21.09%,手持,16.93%,小容量,16.07%,全自动,1.81%,http://img.alicdn.com/imgextra/i1/26218522/TB2U35.dA1M.eBjSZFOXXc0rFXa_!!26218522.jpg
350,隆粤-B717,智能,30.61%,婴儿辅食,22.06%,手持,19.23%,小容量,18.21%,全自动,9.89%,http://img.alicdn.com/imgextra/i3/2968142127/TB2qgS1abAaBuNjt_igXXb5ApXa_!!2968142127.jpg
351,隆粤-LY-350,智能,30.76%,婴儿辅食,22.42%,手持,20.02%,小容量,18.88%,全自动,7.92%,http://img.alicdn.com/imgextra/i4/2587384946/TB2XW1Yj9YH8KJjSspdXXcRgVXa_!!2587384946.jpg
352,隆粤-LY-389,智能,30.61%,婴儿辅食,22.06%,手持,19.23%,小容量,18.21%,全自动,9.89%,http://img.alicdn.com/imgextra/i3/2587384946/TB2x_YCamOFJuJjSZFAXXblRFXa_!!2587384946.jpg
353,韩伟-M350,全自动,27.98%,婴儿辅食,24.21%,小容量,22.58%,手持,20.56%,智能,4.66%,http://img.alicdn.com/imgextra/i2/2193346826/TB2AnRKs49YBuNjy0FfXXXIsVXa_!!2193346826.jpg
354,韩伟-M730,智能,32.32%,婴儿辅食,22.1%,手持,18.67%,小容量,17.88%,全自动,9.03%,http://img.alicdn.com/imgextra/i3/2193346826/TB2.2fYfcj_B1NjSZFHXXaDWpXa_!!2193346826.jpg
355,韩伟-M780,智能,31.69%,婴儿辅食,22.02%,手持,18.84%,小容量,18.03%,全自动,9.43%,http://img.alicdn.com/imgextra/i2/2193346826/TB2TqtBgVGWBuNjy0FbXXb4sXXa_!!2193346826.jpg
356,领锐-SY250C,智能,24.25%,婴儿辅食,22.93%,手持,20.44%,小容量,19.47%,全自动,12.92%,http://img.alicdn.com/imgextra/i4/2392588019/TB24F3ijASWBuNjSszdXXbeSpXa_!!2392588019.jpg
357,高博-BL513,全自动,48.13%,智能,36.01%,婴儿辅食,7.42%,手持,7.01%,小容量,1.43%,http://img.alicdn.com/imgextra/i4/2873393010/TB1aUPhsmtYBeNjSspaXXaOOFXa_!!0-item_pic.jpg
358,高博-SM-505,全自动,42.83%,婴儿辅食,22.3%,智能,14.71%,小容量,14.55%,手持,5.61%,http://img.alicdn.com/imgextra/i2/2873393010/TB1uNEslfuSBuNkHFqDXXXfhVXa_!!0-item_pic.jpg
359,高博-SM-508,智能,35.66%,婴儿辅食,20.79%,手持,18.18%,小容量,16.5%,全自动,8.87%,http://img.alicdn.com/imgextra/i1/2873393010/TB1AB8AjsyYBuNkSnfoXXcWgVXa_!!0-item_pic.jpg
360,麦宁-MN2118,智能,30.33%,婴儿辅食,22.01%,手持,19.32%,小容量,18.34%,全自动,10.01%,http://img.alicdn.com/imgextra/i2/2199793176/TB2u3MvgvNNTKJjSspcXXb4KVXa_!!2199793176.jpg
